plantid,period,avg_mw
3548,2001_01,224.9
3548,2001_02,158.5
3548,2001_03,164.6
3548,2001_04,145.2
3548,2001_05,301.8
3548,2001_06,309.0
3548,2001_07,389.7
3548,2001_08,317.1
3548,2001_09,225.3
3548,2001_10,199.4
3548,2001_11,120.6
3548,2001_12,98.8
3548,2002_01,107.4
3548,2002_02,119.1
3548,2002_03,121.2
3548,2002_04,131.6
3548,2002_05,161.6
3548,2002_06,317.2
3548,2002_07,323.8
3548,2002_08,366.9
3548,2002_09,281.8
3548,2002_10,160.4
3548,2002_11,128.7
3548,2002_12,131.0
3548,2003_01,146.0
3548,2003_02,172.0
3548,2003_03,152.5
3548,2003_04,162.7
3548,2003_05,296.5
3548,2003_06,303.2
3548,2003_07,361.0
3548,2003_08,270.2
3548,2003_09,139.7
3548,2003_10,165.7
3548,2003_11,154.4
3548,2003_12,92.0
3548,2004_01,123.4
3548,2004_02,5.4
3548,2004_03,72.9
3548,2004_04,211.1
3548,2004_05,173.5
3548,2004_06,194.1
3548,2004_07,282.3
3548,2004_08,253.8
3548,2004_09,203.4
3548,2004_10,182.5
3548,2004_11,141.2
3548,2004_12,46.5
3548,2005_01,10.6
3548,2005_02,6.7
3548,2005_03,4.6
3548,2005_04,12.2
3548,2005_05,92.1
3548,2005_06,228.3
3548,2005_07,290.2
3548,2005_08,303.8
3548,2005_09,234.3
3548,2005_10,110.4
3548,2005_11,11.7
3548,2005_12,39.4
3548,2006_01,19.4
3548,2006_02,1.7
3548,2006_03,12.4
3548,2006_04,243.9
3548,2006_05,197.1
3548,2006_06,303.7
3548,2006_07,316.3
3548,2006_08,409.2
3548,2006_09,179.2
3548,2006_10,157.2
3548,2006_11,51.2
3548,2006_12,20.2
3548,2007_01,218.8
3548,2007_02,6.9
3548,2007_03,33.5
3548,2007_04,107.6
3548,2007_05,110.7
3548,2007_06,152.5
3548,2007_07,187.5
3548,2007_08,309.2
3548,2007_09,183.0
3548,2007_10,179.1
3548,2007_11,55.6
3548,2007_12,21.7
3548,2008_01,31.6
3548,2008_02,3.5
3548,2008_03,75.4
3548,2008_04,169.7
3548,2008_05,238.4
3548,2008_06,416.6
3548,2008_07,367.1
3548,2008_08,374.4
3548,2008_09,228.1
3548,2008_10,267.8
3548,2008_11,131.5
3548,2008_12,60.4
3548,2009_01,103.1
3548,2009_02,115.2
3548,2009_03,102.1
3548,2009_04,116.1
3548,2009_05,226.9
3548,2009_06,354.7
3548,2009_07,329.8
3548,2009_08,350.3
3548,2009_09,180.6
3548,2009_10,54.2
3548,2009_11,45.0
3548,2009_12,46.8
3548,2010_01,154.4
3548,2010_02,109.9
3548,2010_03,61.5
3548,2010_04,84.1
3548,2010_05,122.7
3548,2010_06,188.2
3548,2010_07,213.5
3548,2010_08,371.6
3548,2010_09,182.7
3548,2010_10,49.0
3548,2010_11,57.2
3548,2010_12,29.8
3548,2011_01,6.7
3548,2011_02,93.1
3548,2011_03,36.1
3548,2011_04,89.5
3548,2011_05,124.8
3548,2011_06,238.2
3548,2011_07,337.6
3548,2011_08,406.1
3548,2011_09,211.0
3548,2011_10,37.6
3548,2011_11,34.7
3548,2011_12,32.5
3548,2012_01,9.7
3548,2012_03,67.5
3548,2012_04,261.1
3548,2012_05,160.1
3548,2012_06,179.9
3548,2012_07,212.3
3548,2012_08,279.7
3548,2012_09,130.5
3548,2012_10,77.0
3548,2012_11,43.2
3548,2012_12,5.4
3548,2013_03,32.8
3548,2013_04,6.4
3548,2013_05,26.7
3548,2013_06,183.9
3548,2013_07,131.5
3548,2013_08,175.2
3548,2013_09,116.8
3548,2013_10,46.9
3548,2013_11,17.1
3548,2013_12,33.5
3548,2014_01,24.0
3548,2014_02,29.4
3548,2014_03,22.7
3548,2014_04,85.8
3548,2014_05,22.5
3548,2014_06,22.5
3548,2014_07,58.1
3548,2014_08,138.0
3548,2014_09,19.6
3548,2014_10,47.7
3548,2014_11,31.5
3548,2014_12,0.6
3548,2015_01,0.4
3548,2015_02,6.3
3548,2015_03,23.5
3548,2015_04,13.9
3548,2015_05,9.1
3548,2015_06,96.6
3548,2015_07,169.2
3548,2015_08,226.5
3548,2015_09,152.0
3548,2015_10,62.2
3548,2015_11,43.8
3548,2015_12,17.0
3548,2016_01,2.7
3548,2016_02,3.4
3548,2016_03,37.5
3548,2016_04,50.6
3548,2016_05,56.5
3548,2016_06,96.5
3548,2016_07,106.5
3548,2016_08,127.3
3548,2016_09,85.5
3548,2016_10,112.4
3548,2016_11,29.0
3548,2016_12,2.9
3548,2017_01,6.3
3548,2017_02,3.6
3548,2017_03,3.8
3548,2017_04,23.1
3548,2017_05,25.8
3548,2017_06,113.9
3548,2017_07,171.0
3548,2017_08,132.1
3548,2017_09,46.7
3548,2017_10,11.1
3548,2017_11,6.1
3548,2017_12,3.8
3548,2018_01,47.8
3548,2018_02,12.0
3548,2018_03,31.8
3548,2018_04,64.5
3548,2018_05,232.1
3548,2018_06,176.1
3548,2018_07,233.9
3548,2018_08,255.7
3548,2018_09,80.6
3548,2018_10,70.9
3548,2018_11,6.7
3548,2018_12,12.4
3548,2019_01,10.9
3548,2019_02,3.7
3548,2019_03,25.1
3548,2019_04,33.3
3548,2019_05,27.1
3548,2019_06,139.9
3548,2019_07,201.3
3548,2019_08,210.0
3548,2019_09,150.4
3548,2019_10,104.5
3548,2019_11,23.1
3548,2019_12,12.1
3548,2020_01,2.8
3548,2020_02,5.4
3548,2020_03,36.8
3548,2020_04,40.0
3548,2020_05,46.7
3548,2020_06,178.3
3548,2020_07,197.3
3548,2020_08,225.3
3548,2020_09,63.6
3548,2020_10,60.4
3548,2020_11,2.2
3548,2020_12,68.5
3548,2021_01,42.7
3548,2021_02,135.6
3548,2021_03,32.7
3548,2021_04,82.7
3548,2021_05,43.7
3548,2021_06,78.2
3548,2021_07,100.5
3548,2021_08,109.4
3548,2021_09,86.4
3548,2021_10,125.7
3548,2021_11,85.9
3548,2021_12,4.1
3548,2022_01,46.8
3548,2022_02,43.6
3548,2022_03,22.6
3548,2022_04,3.0
3548,2022_05,4.3
3548,2022_06,5.5
3548,2022_07,6.2
3548,2022_08,6.2
3548,2022_09,5.4
3548,2022_10,4.1
3548,2022_11,3.9
3548,2022_12,4.2
6179,2001_01,1429.9
6179,2001_02,1381.9
6179,2001_03,1431.8
6179,2001_04,1386.5
6179,2001_05,1393.8
6179,2001_06,1449.0
6179,2001_07,1423.4
6179,2001_08,1130.8
6179,2001_09,1426.2
6179,2001_10,1018.9
6179,2001_11,1247.1
6179,2001_12,1284.4
6179,2002_01,1464.6
6179,2002_02,1415.0
6179,2002_03,1338.6
6179,2002_04,1330.8
6179,2002_05,1476.1
6179,2002_06,1443.5
6179,2002_07,1419.2
6179,2002_08,1426.2
6179,2002_09,1368.7
6179,2002_10,954.1
6179,2002_11,1040.2
6179,2002_12,1419.7
6179,2003_01,1563.5
6179,2003_02,1526.7
6179,2003_03,1345.9
6179,2003_04,1377.6
6179,2003_05,1398.8
6179,2003_06,1416.7
6179,2003_07,1379.2
6179,2003_08,1493.6
6179,2003_09,1411.4
6179,2003_10,1453.9
6179,2003_11,1342.7
6179,2003_12,1361.5
6179,2004_01,1357.3
6179,2004_02,1466.3
6179,2004_03,934.0
6179,2004_04,919.2
6179,2004_05,1441.7
6179,2004_06,1415.1
6179,2004_07,1492.9
6179,2004_08,1542.8
6179,2004_09,1290.8
6179,2004_10,1132.2
6179,2004_11,1105.0
6179,2004_12,1468.7
6179,2005_01,1478.7
6179,2005_02,1172.6
6179,2005_03,939.9
6179,2005_04,906.5
6179,2005_05,1199.1
6179,2005_06,1532.6
6179,2005_07,1441.2
6179,2005_08,1503.9
6179,2005_09,1450.8
6179,2005_10,1270.9
6179,2005_11,1140.2
6179,2005_12,1104.1
6179,2006_01,1157.4
6179,2006_02,1197.9
6179,2006_03,880.9
6179,2006_04,1055.3
6179,2006_05,1279.3
6179,2006_06,1329.3
6179,2006_07,1407.9
6179,2006_08,1399.9
6179,2006_09,1179.4
6179,2006_10,962.0
6179,2006_11,704.8
6179,2006_12,1140.9
6179,2007_01,1277.1
6179,2007_02,1375.5
6179,2007_03,1504.2
6179,2007_04,1184.4
6179,2007_05,1288.9
6179,2007_06,1454.7
6179,2007_07,1543.3
6179,2007_08,1561.3
6179,2007_09,1547.7
6179,2007_10,1304.8
6179,2007_11,1159.4
6179,2007_12,1427.4
6179,2008_01,1586.3
6179,2008_02,1547.6
6179,2008_03,952.2
6179,2008_04,1221.5
6179,2008_05,1515.4
6179,2008_06,1583.3
6179,2008_07,1555.9
6179,2008_08,1583.1
6179,2008_09,1375.7
6179,2008_10,1012.9
6179,2008_11,1019.8
6179,2008_12,1344.4
6179,2009_01,1416.5
6179,2009_02,1320.6
6179,2009_03,1162.7
6179,2009_04,1256.5
6179,2009_05,1160.0
6179,2009_06,1457.9
6179,2009_07,1506.1
6179,2009_08,1430.8
6179,2009_09,1323.0
6179,2009_10,1068.1
6179,2009_11,1282.9
6179,2009_12,1531.3
6179,2010_01,1471.1
6179,2010_02,1532.2
6179,2010_03,1296.2
6179,2010_04,945.4
6179,2010_05,1252.4
6179,2010_06,1523.2
6179,2010_07,1527.8
6179,2010_08,1537.2
6179,2010_09,1398.7
6179,2010_10,963.2
6179,2010_11,891.4
6179,2010_12,826.2
6179,2011_01,1103.7
6179,2011_02,1196.2
6179,2011_03,1032.7
6179,2011_04,1312.7
6179,2011_05,1365.1
6179,2011_06,1479.9
6179,2011_07,1528.4
6179,2011_08,1362.2
6179,2011_09,1150.9
6179,2011_10,1151.8
6179,2011_11,1055.9
6179,2011_12,1007.2
6179,2012_01,779.1
6179,2012_02,734.2
6179,2012_03,907.0
6179,2012_04,649.0
6179,2012_05,957.8
6179,2012_06,1272.0
6179,2012_07,1399.1
6179,2012_08,1318.7
6179,2012_09,1148.6
6179,2012_10,740.3
6179,2012_11,724.3
6179,2012_12,722.3
6179,2013_01,1038.5
6179,2013_02,906.5
6179,2013_03,1131.2
6179,2013_04,1282.8
6179,2013_05,1375.7
6179,2013_06,1407.2
6179,2013_07,1325.0
6179,2013_08,1234.3
6179,2013_09,1360.2
6179,2013_10,1218.9
6179,2013_11,827.4
6179,2013_12,1228.8
6179,2014_01,1341.4
6179,2014_02,1338.8
6179,2014_03,1257.1
6179,2014_04,740.1
6179,2014_05,1162.0
6179,2014_06,1327.3
6179,2014_07,1138.8
6179,2014_08,1018.1
6179,2014_09,1137.0
6179,2014_10,922.8
6179,2014_11,699.9
6179,2014_12,650.3
6179,2015_01,909.6
6179,2015_02,699.7
6179,2015_03,781.7
6179,2015_04,827.4
6179,2015_05,1078.0
6179,2015_06,1348.1
6179,2015_07,1428.1
6179,2015_08,1336.8
6179,2015_09,1297.2
6179,2015_10,867.7
6179,2015_11,701.7
6179,2015_12,656.5
6179,2016_01,1047.6
6179,2016_02,746.5
6179,2016_03,800.6
6179,2016_04,1085.4
6179,2016_05,1216.1
6179,2016_06,1501.0
6179,2016_07,1380.6
6179,2016_08,1432.0
6179,2016_09,1412.3
6179,2016_10,899.1
6179,2016_11,892.4
6179,2016_12,1432.8
6179,2017_01,1247.2
6179,2017_02,1192.7
6179,2017_03,1401.1
6179,2017_04,1268.4
6179,2017_05,1164.9
6179,2017_06,1289.8
6179,2017_07,1437.0
6179,2017_08,1384.5
6179,2017_09,1440.5
6179,2017_10,1336.2
6179,2017_11,1232.8
6179,2017_12,1244.7
6179,2018_01,1344.6
6179,2018_02,1116.4
6179,2018_03,953.3
6179,2018_04,939.0
6179,2018_05,974.5
6179,2018_06,1372.1
6179,2018_07,1484.8
6179,2018_08,1471.4
6179,2018_09,1515.0
6179,2018_10,743.2
6179,2018_11,933.0
6179,2018_12,1339.0
6179,2019_01,1408.5
6179,2019_02,1363.0
6179,2019_03,1165.0
6179,2019_04,1004.5
6179,2019_05,1144.5
6179,2019_06,1212.5
6179,2019_07,1198.4
6179,2019_08,1131.7
6179,2019_09,1298.6
6179,2019_10,789.7
6179,2019_11,653.5
6179,2019_12,808.3
6179,2020_01,711.7
6179,2020_02,740.9
6179,2020_03,1169.5
6179,2020_04,947.1
6179,2020_05,766.9
6179,2020_06,888.5
6179,2020_07,1201.8
6179,2020_08,1417.2
6179,2020_09,1242.0
6179,2020_10,914.9
6179,2020_11,961.5
6179,2020_12,990.5
6179,2021_01,1322.0
6179,2021_02,1221.2
6179,2021_03,1018.0
6179,2021_04,1045.8
6179,2021_05,1148.9
6179,2021_06,1521.2
6179,2021_07,1497.1
6179,2021_08,1493.0
6179,2021_09,1451.0
6179,2021_10,1036.5
6179,2021_11,738.6
6179,2021_12,597.3
6179,2022_01,1099.5
6179,2022_02,1134.7
6179,2022_03,1224.2
6179,2022_04,1297.1
6179,2022_05,833.1
6179,2022_06,1126.7
6179,2022_07,1300.6
6179,2022_08,1462.4
6179,2022_09,1285.3
6179,2022_10,797.1
6179,2022_11,719.9
6179,2022_12,1088.4
6179,2023_01,914.2
6179,2023_02,805.4
6179,2023_03,934.5
6179,2023_04,678.2
6179,2023_05,849.9
6179,2023_06,1051.2
6179,2023_07,1099.1
6179,2023_08,1185.0
6179,2023_09,1083.3
6179,2023_10,643.5
6179,2023_11,655.1
6179,2023_12,566.2
6179,2024_01,875.1
6179,2024_02,708.0
6179,2024_03,807.9
6179,2024_04,663.9
6179,2024_05,765.4
6179,2024_06,988.3
6179,2024_07,857.9
6179,2024_08,999.9
6179,2024_09,999.4
6179,2024_10,683.6
6179,2024_11,646.7
6179,2024_12,737.1
6179,2025_01,1062.9
6179,2025_02,1051.8
6179,2025_03,907.2
6179,2025_04,881.4
6179,2025_05,905.5
6179,2025_06,1138.6
6179,2025_07,1135.3
6179,2025_08,1143.3
6179,2025_09,1127.9
6179,2025_10,752.8
6179,2025_11,752.9
6179,2025_12,728.9
6179,2026_01,978.3
6179,2026_02,950.8
6179,2026_03,926.5
6251,2001_01,2535.4
6251,2001_02,2269.9
6251,2001_03,1376.3
6251,2001_04,2352.6
6251,2001_05,2351.6
6251,2001_06,2505.3
6251,2001_07,2503.2
6251,2001_08,2501.9
6251,2001_09,2478.4
6251,2001_10,1274.3
6251,2001_11,2529.8
6251,2001_12,2526.8
6251,2002_01,2523.7
6251,2002_02,2522.2
6251,2002_03,2519.2
6251,2002_04,2503.3
6251,2002_05,2491.4
6251,2002_06,2294.2
6251,2002_07,2425.7
6251,2002_08,2504.3
6251,2002_09,2512.6
6251,2002_10,1292.9
6251,2002_11,901.2
6251,2002_12,1622.6
6251,2003_01,1334.7
6251,2003_02,1277.1
6251,2003_03,1569.7
6251,2003_04,1258.4
6251,2003_05,1245.1
6251,2003_06,1247.2
6251,2003_07,1242.5
6251,2003_08,2083.7
6251,2003_09,2536.8
6251,2003_10,2555.9
6251,2003_11,2548.7
6251,2003_12,2555.5
6251,2004_01,2411.6
6251,2004_02,2563.2
6251,2004_03,2508.2
6251,2004_04,1344.4
6251,2004_05,2552.3
6251,2004_06,2547.2
6251,2004_07,2537.7
6251,2004_08,2536.1
6251,2004_09,2545.1
6251,2004_10,2552.0
6251,2004_11,2564.2
6251,2004_12,2519.6
6251,2005_01,2567.3
6251,2005_02,2121.9
6251,2005_03,1539.0
6251,2005_04,1872.0
6251,2005_05,2553.1
6251,2005_06,2538.9
6251,2005_07,2529.8
6251,2005_08,2507.3
6251,2005_09,2490.8
6251,2005_10,1292.7
6251,2005_11,2517.4
6251,2005_12,2577.5
6251,2006_01,2578.6
6251,2006_02,2580.7
6251,2006_03,2575.5
6251,2006_04,2567.9
6251,2006_05,2556.5
6251,2006_06,2549.4
6251,2006_07,2545.9
6251,2006_08,2539.1
6251,2006_09,2436.9
6251,2006_10,1275.7
6251,2006_11,2432.4
6251,2006_12,2653.9
6251,2007_01,2659.3
6251,2007_02,2633.6
6251,2007_03,2193.2
6251,2007_04,1418.0
6251,2007_05,2684.4
6251,2007_06,2657.1
6251,2007_07,2653.6
6251,2007_08,2614.4
6251,2007_09,2654.4
6251,2007_10,2681.2
6251,2007_11,2710.7
6251,2007_12,2716.3
6251,2008_01,2725.5
6251,2008_02,2721.6
6251,2008_03,2496.5
6251,2008_04,1471.7
6251,2008_05,2683.9
6251,2008_06,2654.3
6251,2008_07,2647.9
6251,2008_08,2646.2
6251,2008_09,2615.3
6251,2008_10,1466.5
6251,2008_11,2506.5
6251,2008_12,2726.2
6251,2009_01,2723.3
6251,2009_02,2703.5
6251,2009_03,2690.7
6251,2009_04,2685.6
6251,2009_05,2656.5
6251,2009_06,2629.5
6251,2009_07,2614.8
6251,2009_08,2615.2
6251,2009_09,2072.1
6251,2009_10,1327.8
6251,2009_11,1825.1
6251,2009_12,2719.2
6251,2010_01,2556.0
6251,2010_02,2405.6
6251,2010_03,2524.2
6251,2010_04,1333.0
6251,2010_05,2546.1
6251,2010_06,2646.4
6251,2010_07,2642.3
6251,2010_08,2539.9
6251,2010_09,2650.1
6251,2010_10,2688.8
6251,2010_11,1639.8
6251,2010_12,2723.6
6251,2011_01,2714.0
6251,2011_02,2726.0
6251,2011_03,2702.8
6251,2011_04,1420.5
6251,2011_05,2315.2
6251,2011_06,2665.7
6251,2011_07,2651.3
6251,2011_08,2504.0
6251,2011_09,2669.8
6251,2011_10,2590.0
6251,2011_11,1612.6
6251,2011_12,1335.5
6251,2012_01,1345.0
6251,2012_02,1339.3
6251,2012_03,1283.1
6251,2012_04,1655.2
6251,2012_05,2684.1
6251,2012_06,2661.8
6251,2012_07,2651.0
6251,2012_08,2646.4
6251,2012_09,2663.9
6251,2012_10,2175.4
6251,2012_11,1453.5
6251,2012_12,2724.6
6251,2013_01,1518.2
6251,2013_02,1350.9
6251,2013_03,1346.0
6251,2013_04,1686.6
6251,2013_05,2420.5
6251,2013_06,2652.7
6251,2013_07,2651.5
6251,2013_08,2593.9
6251,2013_09,2438.3
6251,2013_10,1959.3
6251,2013_11,2059.0
6251,2013_12,1701.0
6251,2014_01,2683.5
6251,2014_02,2684.1
6251,2014_03,1972.8
6251,2014_04,1318.9
6251,2014_05,1297.1
6251,2014_06,2526.6
6251,2014_07,2605.5
6251,2014_08,2603.8
6251,2014_09,2619.9
6251,2014_10,2641.0
6251,2014_11,2680.3
6251,2014_12,2678.8
6251,2015_01,2681.3
6251,2015_02,2675.7
6251,2015_03,2522.8
6251,2015_04,1312.2
6251,2015_05,2195.3
6251,2015_06,2602.2
6251,2015_07,2586.0
6251,2015_08,2582.8
6251,2015_09,2598.3
6251,2015_10,1982.5
6251,2015_11,1294.4
6251,2015_12,1553.1
6251,2016_01,2510.6
6251,2016_02,2663.2
6251,2016_03,2649.3
6251,2016_04,2638.2
6251,2016_05,2408.5
6251,2016_06,2596.5
6251,2016_07,2582.6
6251,2016_08,2582.4
6251,2016_09,2587.6
6251,2016_10,1612.0
6251,2016_11,2154.4
6251,2016_12,2667.3
6251,2017_01,2665.0
6251,2017_02,2650.9
6251,2017_03,2011.0
6251,2017_04,1306.9
6251,2017_05,2617.4
6251,2017_06,2601.1
6251,2017_07,2575.1
6251,2017_08,2583.4
6251,2017_09,2603.6
6251,2017_10,2623.4
6251,2017_11,2654.9
6251,2017_12,2666.8
6251,2018_01,2675.9
6251,2018_02,2666.5
6251,2018_03,2306.6
6251,2018_04,1425.9
6251,2018_05,2618.4
6251,2018_06,2586.8
6251,2018_07,2589.9
6251,2018_08,2589.7
6251,2018_09,2587.5
6251,2018_10,1484.0
6251,2018_11,2142.0
6251,2018_12,2672.9
6251,2019_01,2673.6
6251,2019_02,2670.3
6251,2019_03,2658.4
6251,2019_04,2649.4
6251,2019_05,2624.2
6251,2019_06,2590.4
6251,2019_07,2585.8
6251,2019_08,2575.7
6251,2019_09,2584.9
6251,2019_10,1446.8
6251,2019_11,2425.9
6251,2019_12,2664.5
6251,2020_01,2662.8
6251,2020_02,2665.1
6251,2020_03,1864.0
6251,2020_04,1760.6
6251,2020_05,2641.7
6251,2020_06,2621.5
6251,2020_07,2609.5
6251,2020_08,2587.4
6251,2020_09,2610.6
6251,2020_10,2638.5
6251,2020_11,2653.5
6251,2020_12,2682.3
6251,2021_01,2677.1
6251,2021_02,2500.4
6251,2021_03,2150.8
6251,2021_04,1763.8
6251,2021_05,2627.9
6251,2021_06,2403.2
6251,2021_07,2598.8
6251,2021_08,2590.5
6251,2021_09,2610.9
6251,2021_10,1628.1
6251,2021_11,2345.2
6251,2021_12,2670.5
6251,2022_01,2683.6
6251,2022_02,2685.5
6251,2022_03,2675.2
6251,2022_04,2650.5
6251,2022_05,2625.7
6251,2022_06,2597.8
6251,2022_07,2586.7
6251,2022_08,2590.2
6251,2022_09,2583.2
6251,2022_10,1565.0
6251,2022_11,2129.5
6251,2022_12,2670.6
6251,2023_01,2663.2
6251,2023_02,2669.9
6251,2023_03,2010.9
6251,2023_04,1641.3
6251,2023_05,2609.4
6251,2023_06,2586.6
6251,2023_07,2569.5
6251,2023_08,2559.8
6251,2023_09,2574.5
6251,2023_10,2625.8
6251,2023_11,2663.7
6251,2023_12,2673.0
6251,2024_01,2196.4
6251,2024_02,2634.8
6251,2024_03,2039.8
6251,2024_04,1268.3
6251,2024_05,1737.0
6251,2024_06,2503.6
6251,2024_07,2219.8
6251,2024_08,2494.4
6251,2024_09,2579.1
6251,2024_10,1442.5
6251,2024_11,2099.5
6251,2024_12,2666.3
6251,2025_01,2677.0
6251,2025_02,2657.4
6251,2025_03,2651.4
6251,2025_04,2615.1
6251,2025_05,2616.9
6251,2025_06,2614.4
6251,2025_07,2602.4
6251,2025_08,2588.8
6251,2025_09,2605.1
6251,2025_10,1418.2
6251,2025_11,2132.7
6251,2025_12,2676.4
6251,2026_01,2677.6
6251,2026_02,2676.4
6251,2026_03,2048.1
7900,2002_02,16.8
7900,2002_03,14.9
7900,2002_04,29.4
7900,2002_05,31.5
7900,2002_06,36.0
7900,2002_07,32.6
7900,2002_08,41.7
7900,2002_09,36.7
7900,2002_10,20.6
7900,2002_11,9.0
7900,2002_12,6.7
7900,2003_01,8.1
7900,2003_02,6.7
7900,2003_03,9.6
7900,2003_04,14.8
7900,2003_05,22.9
7900,2003_06,11.1
7900,2003_07,27.5
7900,2003_08,29.1
7900,2003_09,15.3
7900,2003_10,18.0
7900,2003_11,13.5
7900,2003_12,7.3
7900,2004_01,8.2
7900,2004_02,10.9
7900,2004_03,34.8
7900,2004_04,45.0
7900,2004_05,31.0
7900,2004_06,38.7
7900,2004_07,39.0
7900,2004_08,35.6
7900,2004_09,247.3
7900,2004_10,204.0
7900,2004_11,35.0
7900,2004_12,187.2
7900,2005_01,162.2
7900,2005_02,179.4
7900,2005_03,215.8
7900,2005_04,229.4
7900,2005_05,154.6
7900,2005_06,252.1
7900,2005_07,261.9
7900,2005_08,276.3
7900,2005_09,280.5
7900,2005_10,242.1
7900,2005_11,191.5
7900,2005_12,187.5
7900,2006_01,144.0
7900,2006_02,180.4
7900,2006_03,206.2
7900,2006_04,38.0
7900,2006_05,137.2
7900,2006_06,249.2
7900,2006_07,202.1
7900,2006_08,232.0
7900,2006_09,200.2
7900,2006_10,223.4
7900,2006_11,235.4
7900,2006_12,160.9
7900,2007_01,185.5
7900,2007_02,227.7
7900,2007_03,222.3
7900,2007_04,170.8
7900,2007_05,233.4
7900,2007_06,247.6
7900,2007_07,237.7
7900,2007_08,272.4
7900,2007_09,243.8
7900,2007_10,140.2
7900,2007_11,126.7
7900,2007_12,193.9
7900,2008_01,190.4
7900,2008_02,185.1
7900,2008_03,212.3
7900,2008_04,176.4
7900,2008_05,222.8
7900,2008_06,286.6
7900,2008_07,270.9
7900,2008_08,271.3
7900,2008_09,236.8
7900,2008_10,228.6
7900,2008_11,107.3
7900,2008_12,175.7
7900,2009_01,188.8
7900,2009_02,183.8
7900,2009_03,198.0
7900,2009_04,210.4
7900,2009_05,137.0
7900,2009_06,282.6
7900,2009_07,271.1
7900,2009_08,271.9
7900,2009_09,205.8
7900,2009_10,191.9
7900,2009_11,97.9
7900,2009_12,177.5
7900,2010_01,158.8
7900,2010_02,182.1
7900,2010_03,58.7
7900,2010_04,194.1
7900,2010_05,207.9
7900,2010_06,233.6
7900,2010_07,251.8
7900,2010_08,299.2
7900,2010_09,234.9
7900,2010_10,198.3
7900,2010_11,197.6
7900,2010_12,189.0
7900,2011_01,178.4
7900,2011_02,33.8
7900,2011_03,75.8
7900,2011_04,164.8
7900,2011_05,32.1
7900,2011_06,204.7
7900,2011_07,323.9
7900,2011_08,331.7
7900,2011_09,256.6
7900,2011_10,226.0
7900,2011_11,102.7
7900,2011_12,197.3
7900,2012_01,196.5
7900,2012_02,187.9
7900,2012_03,92.8
7900,2012_04,53.0
7900,2012_05,69.5
7900,2012_06,251.9
7900,2012_07,277.5
7900,2012_08,298.4
7900,2012_09,229.3
7900,2012_10,209.9
7900,2012_11,142.4
7900,2012_12,169.3
7900,2013_01,177.1
7900,2013_02,149.6
7900,2013_03,118.7
7900,2013_04,18.9
7900,2013_05,24.7
7900,2013_06,107.7
7900,2013_07,286.9
7900,2013_08,320.8
7900,2013_09,183.7
7900,2013_10,132.3
7900,2013_11,130.8
7900,2013_12,189.7
7900,2014_01,143.3
7900,2014_02,96.3
7900,2014_03,20.5
7900,2014_04,15.7
7900,2014_05,99.9
7900,2014_06,225.3
7900,2014_07,226.3
7900,2014_08,298.4
7900,2014_09,224.6
7900,2014_10,212.4
7900,2014_11,22.8
7900,2014_12,49.6
7900,2015_01,114.2
7900,2015_02,132.4
7900,2015_04,154.8
7900,2015_05,249.9
7900,2015_06,274.7
7900,2015_07,301.1
7900,2015_08,314.1
7900,2015_09,278.5
7900,2015_10,129.5
7900,2015_11,66.1
7900,2015_12,215.1
7900,2016_01,192.4
7900,2016_02,140.3
7900,2016_03,117.4
7900,2016_04,206.2
7900,2016_05,230.5
7900,2016_06,277.9
7900,2016_07,291.7
7900,2016_08,288.4
7900,2016_09,166.4
7900,2016_10,141.9
7900,2016_11,38.3
7900,2016_12,104.3
7900,2017_01,66.4
7900,2017_02,142.5
7900,2017_03,128.5
7900,2017_04,27.4
7900,2017_05,185.1
7900,2017_06,234.2
7900,2017_07,215.3
7900,2017_08,229.2
7900,2017_09,218.0
7900,2017_10,158.1
7900,2017_11,76.1
7900,2017_12,207.8
7900,2018_01,212.2
7900,2018_02,221.1
7900,2018_03,151.2
7900,2018_04,140.0
7900,2018_05,297.3
7900,2018_06,254.9
7900,2018_07,260.6
7900,2018_08,245.8
7900,2018_09,215.2
7900,2018_10,177.4
7900,2018_11,113.9
7900,2018_12,179.5
7900,2019_01,181.6
7900,2019_02,171.4
7900,2019_03,31.1
7900,2019_04,39.8
7900,2019_05,189.4
7900,2019_06,202.1
7900,2019_07,250.2
7900,2019_08,292.8
7900,2019_09,254.6
7900,2019_10,172.9
7900,2019_11,111.7
7900,2019_12,178.4
7900,2020_01,167.7
7900,2020_02,183.3
7900,2020_03,148.1
7900,2020_04,173.4
7900,2020_05,185.9
7900,2020_06,203.2
7900,2020_07,205.1
7900,2020_08,237.6
7900,2020_09,193.3
7900,2020_10,97.4
7900,2020_11,168.4
7900,2020_12,189.0
7900,2021_01,178.3
7900,2021_02,224.0
7900,2021_03,170.8
7900,2021_04,82.9
7900,2021_05,125.8
7900,2021_06,227.5
7900,2021_07,215.7
7900,2021_08,208.1
7900,2021_09,196.7
7900,2021_10,201.3
7900,2021_11,36.0
7900,2021_12,13.8
7900,2022_01,13.6
7900,2022_02,112.3
7900,2022_03,175.8
7900,2022_04,171.9
7900,2022_05,209.5
7900,2022_06,235.3
7900,2022_07,278.4
7900,2022_08,282.0
7900,2022_09,213.0
7900,2022_10,205.0
7900,2022_11,112.8
7900,2022_12,199.2
7900,2023_01,175.5
7900,2023_02,208.8
7900,2023_03,201.4
7900,2023_04,198.0
7900,2023_05,115.7
7900,2023_06,158.1
7900,2023_07,339.4
7900,2023_08,373.2
7900,2023_09,298.5
7900,2023_10,255.6
7900,2023_11,69.8
7900,2023_12,152.2
7900,2024_01,279.1
7900,2024_02,220.8
7900,2024_03,202.9
7900,2024_04,169.8
7900,2024_05,222.3
7900,2024_06,337.7
7900,2024_07,284.4
7900,2024_08,330.1
7900,2024_09,257.9
7900,2024_10,279.0
7900,2024_11,87.8
7900,2024_12,238.8
7900,2025_01,266.5
7900,2025_02,267.1
7900,2025_03,35.1
7900,2025_04,98.1
7900,2025_05,305.3
7900,2025_06,316.6
7900,2025_07,287.4
7900,2025_08,341.0
7900,2025_09,314.0
7900,2025_10,260.1
7900,2025_11,67.3
7900,2025_12,128.3
7900,2026_01,272.2
7900,2026_02,206.5
7900,2026_03,48.8
55708,2012_06,20.5
55708,2012_07,24.7
55708,2012_08,38.5
55708,2012_10,17.3
55708,2013_04,5.3
55708,2013_06,11.5
55708,2013_08,77.0
55708,2013_12,12.4
55708,2014_01,11.0
55708,2014_02,24.4
55708,2014_03,11.4
55708,2014_04,3.0
55708,2014_06,75.4
55708,2014_07,70.9
55708,2014_08,18.3
55708,2014_11,12.8
55708,2015_02,33.1
55708,2015_08,44.9
55708,2015_09,20.3
55708,2015_12,32.3
55708,2016_02,26.1
55708,2016_05,12.2
55708,2016_06,13.9
55708,2016_07,10.8
55708,2016_08,54.9
55708,2016_11,20.5
55708,2017_01,20.4
55708,2017_03,19.5
55708,2017_04,14.8
55708,2017_06,21.4
55708,2017_08,6.6
55708,2017_09,9.7
55708,2017_10,23.0
55708,2018_01,23.6
55708,2018_02,12.2
55708,2018_03,3.2
55708,2018_05,45.6
55708,2018_06,43.1
55708,2018_07,46.0
55708,2018_08,34.4
55708,2018_12,8.7
55708,2019_03,18.7
55708,2019_07,6.4
55708,2019_08,62.5
55708,2019_09,11.8
55708,2020_02,14.5
55708,2020_08,60.7
55708,2021_06,13.5
55708,2021_07,67.1
55708,2021_08,73.5
55708,2021_09,66.7
55708,2022_01,57.1
55708,2022_02,64.0
55708,2022_04,5.8
55708,2022_05,60.9
55708,2022_06,74.0
55708,2022_07,75.3
55708,2022_08,73.8
55708,2022_09,68.0
55708,2022_10,58.2
55708,2022_12,50.1
55708,2023_01,13.0
55708,2023_02,33.2
55708,2023_05,14.9
55708,2023_06,55.6
55708,2023_07,74.3
55708,2023_08,68.3
55708,2023_09,64.8
55708,2023_10,14.2
55708,2023_11,4.8
55708,2024_01,44.7
55708,2024_02,3.2
55708,2024_05,32.9
55708,2024_06,63.9
55708,2024_07,31.5
55708,2024_08,40.3
55708,2024_10,13.0
55708,2024_12,28.2
55708,2025_01,35.2
55708,2025_02,15.3
55708,2025_05,5.0
55708,2025_06,24.9
55708,2025_07,33.1
55708,2025_08,57.4
55708,2025_09,54.7
55708,2025_10,36.2
55708,2025_11,19.4
55708,2025_12,60.6
55708,2026_01,61.4
55708,2026_02,53.4
55708,2026_03,34.4
56374,2006_07,0.3
56374,2006_08,0.3
56374,2006_09,0.3
56374,2006_10,0.3
56374,2006_11,0.3
56374,2006_12,0.3
56374,2007_01,1.9
56374,2007_02,1.8
56374,2007_03,1.9
56374,2007_04,1.8
56374,2007_05,1.9
56374,2007_06,2.3
56374,2007_07,2.4
56374,2007_08,2.9
56374,2007_09,2.5
56374,2007_10,2.0
56374,2007_11,1.6
56374,2007_12,1.6
56374,2008_01,1.3
56374,2008_02,1.2
56374,2008_03,1.2
56374,2008_04,1.3
56374,2008_05,1.5
56374,2008_06,1.9
56374,2008_07,1.9
56374,2008_08,1.9
56374,2008_09,1.3
56374,2008_10,1.2
56374,2008_11,1.0
56374,2008_12,1.1
56374,2009_01,1.5
56374,2009_02,1.4
56374,2009_03,1.6
56374,2009_04,1.5
56374,2009_05,1.9
56374,2009_06,2.6
56374,2009_07,2.8
56374,2009_08,2.8
56374,2009_09,2.2
56374,2009_10,1.7
56374,2009_11,1.4
56374,2009_12,1.7
56374,2010_01,2.6
56374,2010_02,2.7
56374,2010_03,1.9
56374,2010_04,2.3
56374,2010_05,2.7
56374,2010_06,3.4
56374,2010_07,3.4
56374,2010_08,4.1
56374,2010_09,3.1
56374,2010_10,2.2
56374,2010_11,2.1
56374,2010_12,2.1
56374,2011_01,2.3
56374,2011_02,2.3
56374,2011_03,1.9
56374,2011_04,2.5
56374,2011_05,2.6
56374,2011_06,3.5
56374,2011_07,4.1
56374,2011_08,4.4
56374,2011_09,3.2
56374,2011_10,2.4
56374,2011_11,2.3
56374,2011_12,2.6
56374,2012_01,2.9
56374,2012_02,2.9
56374,2012_03,2.9
56374,2012_04,3.4
56374,2012_05,3.6
56374,2012_06,4.1
56374,2012_07,4.3
56374,2012_08,4.4
56374,2012_09,3.5
56374,2012_10,2.7
56374,2012_11,2.5
56374,2012_12,2.6
56374,2013_01,2.9
56374,2013_02,2.5
56374,2013_03,2.5
56374,2013_04,2.7
56374,2013_05,2.9
56374,2013_06,3.6
56374,2013_07,3.9
56374,2013_08,4.3
56374,2013_09,3.8
56374,2013_10,2.9
56374,2013_11,2.9
56374,2013_12,3.1
56374,2014_01,2.8
56374,2014_02,2.7
56374,2014_03,2.5
56374,2014_04,2.6
56374,2014_05,2.8
56374,2014_06,3.4
56374,2014_07,3.8
56374,2014_08,4.2
56374,2014_09,3.6
56374,2014_10,3.0
56374,2014_11,2.7
56374,2014_12,2.9
56374,2015_01,2.9
56374,2015_02,2.9
56374,2015_03,2.9
56374,2015_04,2.8
56374,2015_05,2.8
56374,2015_06,3.4
56374,2015_07,4.0
56374,2015_08,4.1
56374,2015_09,3.5
56374,2015_10,3.0
56374,2015_11,2.7
56374,2015_12,2.9
56374,2016_01,3.1
56374,2016_02,2.9
56374,2016_03,3.1
56374,2016_04,3.0
56374,2016_05,3.3
56374,2016_06,3.8
56374,2016_07,4.1
56374,2016_08,4.2
56374,2016_09,3.7
56374,2016_10,2.8
56374,2016_11,2.6
56374,2016_12,2.3
56374,2017_01,2.6
56374,2017_02,2.5
56374,2017_03,2.7
56374,2017_04,2.7
56374,2017_05,3.0
56374,2017_06,4.0
56374,2017_07,4.8
56374,2017_08,4.6
56374,2017_09,3.5
56374,2017_10,3.0
56374,2017_11,2.5
56374,2017_12,3.2
56374,2018_01,2.9
56374,2018_02,2.9
56374,2018_03,2.7
56374,2018_04,2.6
56374,2018_05,3.4
56374,2018_06,3.8
56374,2018_07,4.6
56374,2018_08,4.2
56374,2018_09,3.7
56374,2018_10,3.0
56374,2018_11,2.7
56374,2018_12,2.8
56374,2019_01,2.9
56374,2019_02,2.6
56374,2019_03,2.5
56374,2019_04,2.3
56374,2019_05,3.0
56374,2019_06,3.6
56374,2019_07,4.0
56374,2019_08,4.3
56374,2019_09,3.9
56374,2019_10,2.9
56374,2019_11,2.7
56374,2019_12,2.9
56374,2020_01,2.9
56374,2020_02,3.0
56374,2020_03,2.7
56374,2020_04,2.5
56374,2020_05,2.9
56374,2020_06,3.5
56374,2020_07,4.2
56374,2020_08,4.0
56374,2020_09,3.4
56374,2020_10,2.9
56374,2020_11,2.3
56374,2020_12,2.5
56374,2021_01,2.4
56374,2021_02,2.6
56374,2021_03,1.8
56374,2021_04,2.2
56374,2021_05,2.4
56374,2021_06,3.4
56374,2021_07,3.6
56374,2021_08,3.7
56374,2021_09,3.2
56374,2021_10,2.6
56374,2021_11,2.2
56374,2021_12,2.3
56374,2022_01,2.8
56374,2022_02,2.8
56374,2022_03,2.0
56374,2022_04,2.1
56374,2022_05,3.1
56374,2022_06,3.8
56374,2022_07,4.4
56374,2022_08,4.4
56374,2022_09,3.8
56374,2022_10,2.9
56374,2022_11,2.8
56374,2022_12,3.0
56374,2023_01,2.1
56374,2023_02,2.2
56374,2023_03,1.9
56374,2023_04,1.9
56374,2023_05,2.7
56374,2023_06,3.2
56374,2023_07,3.4
56374,2023_08,3.7
56374,2023_09,3.2
56374,2023_10,2.3
56374,2023_11,2.2
56374,2023_12,2.3
56374,2024_01,3.7
56374,2024_02,2.8
56374,2024_03,2.9
56374,2024_04,2.8
56374,2024_05,3.7
56374,2024_06,4.3
56374,2024_07,4.5
56374,2024_08,5.1
56374,2024_09,4.3
56374,2024_10,3.6
56374,2024_11,3.0
56374,2024_12,3.1
56661,2008_12,0.4
56661,2009_01,1.9
56661,2009_02,10.5
56661,2009_03,32.5
56661,2009_04,31.8
56661,2009_05,21.9
56661,2009_06,63.6
56661,2009_07,112.2
56661,2009_08,70.9
56661,2009_09,37.5
56661,2009_10,93.2
56661,2009_11,54.5
56661,2009_12,66.0
56661,2010_01,87.8
56661,2010_02,80.3
56661,2010_03,107.1
56661,2010_04,114.6
56661,2010_05,108.5
56661,2010_06,111.2
56661,2010_07,89.4
56661,2010_08,66.3
56661,2010_09,50.1
56661,2010_10,65.3
56661,2010_11,105.2
56661,2010_12,100.0
56661,2011_01,68.7
56661,2011_02,130.6
56661,2011_03,114.7
56661,2011_04,149.8
56661,2011_05,153.8
56661,2011_06,110.5
56661,2011_07,105.4
56661,2011_08,94.2
56661,2011_09,59.5
56661,2011_10,81.3
56661,2011_11,120.8
56661,2011_12,84.5
56661,2012_01,87.4
56661,2012_02,81.2
56661,2012_03,122.9
56661,2012_04,127.0
56661,2012_05,106.2
56661,2012_06,90.6
56661,2012_07,104.6
56661,2012_08,87.7
56661,2012_09,64.9
56661,2012_10,89.2
56661,2012_11,72.5
56661,2012_12,94.2
56661,2013_01,97.4
56661,2013_02,92.6
56661,2013_03,121.3
56661,2013_04,121.9
56661,2013_05,140.7
56661,2013_06,106.5
56661,2013_07,94.1
56661,2013_08,71.2
56661,2013_09,59.0
56661,2013_10,70.5
56661,2013_11,71.1
56661,2013_12,65.1
56661,2014_01,82.0
56661,2014_02,77.9
56661,2014_03,85.6
56661,2014_04,112.0
56661,2014_05,118.6
56661,2014_06,130.4
56661,2014_07,85.6
56661,2014_08,76.1
56661,2014_09,41.6
56661,2014_10,52.2
56661,2014_11,70.3
56661,2014_12,50.8
56661,2015_01,58.6
56661,2015_02,67.6
56661,2015_03,50.8
56661,2015_04,67.9
56661,2015_05,127.1
56661,2015_06,70.0
56661,2015_07,107.9
56661,2015_08,68.2
56661,2015_09,47.4
56661,2015_10,60.5
56661,2015_11,72.5
56661,2015_12,78.5
56661,2016_01,69.6
56661,2016_02,93.0
56661,2016_03,69.5
56661,2016_04,86.0
56661,2016_05,96.9
56661,2016_06,67.6
56661,2016_07,140.2
56661,2016_08,80.8
56661,2016_09,48.5
56661,2016_10,43.6
56661,2016_11,63.7
56661,2016_12,70.7
56661,2017_01,98.2
56661,2017_02,92.2
56661,2017_03,98.8
56661,2017_04,121.5
56661,2017_05,121.2
56661,2017_06,78.5
56661,2017_07,89.9
56661,2017_08,97.9
56661,2017_09,69.8
56661,2017_10,46.2
56661,2017_11,72.6
56661,2017_12,66.5
56661,2018_01,69.3
56661,2018_02,81.4
56661,2018_03,99.4
56661,2018_04,108.4
56661,2018_05,114.7
56661,2018_06,126.7
56661,2018_07,79.7
56661,2018_08,99.9
56661,2018_09,23.8
56661,2018_10,46.1
56661,2018_11,60.6
56661,2018_12,68.0
56661,2019_01,60.5
56661,2019_02,56.0
56661,2019_03,76.7
56661,2019_04,88.8
56661,2019_05,132.2
56661,2019_06,87.2
56661,2019_07,102.4
56661,2019_08,98.5
56661,2019_09,65.4
56661,2019_10,67.0
56661,2019_11,36.0
56661,2019_12,37.0
56661,2020_01,19.0
56661,2020_02,5.6
56661,2020_06,0.0
56661,2020_07,0.2
56661,2020_08,1.3
56661,2020_09,0.5
56661,2020_10,0.0
56661,2020_11,2.1
56661,2020_12,1.2
56661,2021_01,7.2
56661,2021_02,34.2
56661,2021_03,61.8
56661,2021_04,93.9
56661,2021_05,91.2
56661,2021_06,88.3
56661,2021_07,68.8
56661,2021_08,80.0
56661,2021_09,57.3
56661,2021_10,60.1
56661,2021_11,61.0
56661,2021_12,69.6
56661,2022_01,64.1
56661,2022_02,57.1
56661,2022_03,87.6
56661,2022_04,111.6
56661,2022_05,140.8
56661,2022_06,106.8
56661,2022_07,127.1
56661,2022_08,95.2
56661,2022_09,30.5
56661,2022_10,64.0
56661,2022_11,91.5
56661,2022_12,58.2
56661,2023_01,80.4
56661,2023_02,88.7
56661,2023_03,107.7
56661,2023_04,87.3
56661,2023_05,69.5
56661,2023_06,125.7
56661,2023_07,130.0
56661,2023_08,98.9
56661,2023_09,66.2
56661,2023_10,80.2
56661,2023_11,67.7
56661,2023_12,49.1
56661,2024_01,65.6
56661,2024_02,86.2
56661,2024_03,80.5
56661,2024_04,116.3
56661,2024_05,119.1
56661,2024_06,100.7
56661,2024_07,78.8
56661,2024_08,54.8
56661,2024_09,50.4
56661,2024_10,55.3
56661,2024_11,74.1
56661,2024_12,69.1
56661,2025_01,79.7
56661,2025_02,90.3
56661,2025_03,95.0
56661,2025_04,96.3
56661,2025_05,103.3
56661,2025_06,115.2
56661,2025_07,130.2
56661,2025_08,67.9
56661,2025_09,52.7
56661,2025_10,55.0
56661,2025_11,103.9
56661,2025_12,50.7
56661,2026_01,72.9
56661,2026_02,76.4
56661,2026_03,129.6
56673,2007_12,18.1
56673,2008_01,21.8
56673,2008_02,24.0
56673,2008_03,29.2
56673,2008_04,30.3
56673,2008_05,31.0
56673,2008_06,33.2
56673,2008_07,22.8
56673,2008_08,12.1
56673,2008_09,12.1
56673,2008_10,26.7
56673,2008_11,27.1
56673,2008_12,34.6
56673,2009_01,21.5
56673,2009_02,24.7
56673,2009_03,24.8
56673,2009_04,27.2
56673,2009_05,19.7
56673,2009_06,21.6
56673,2009_07,17.6
56673,2009_08,18.9
56673,2009_09,16.2
56673,2009_10,24.9
56673,2009_11,24.0
56673,2009_12,22.7
56673,2010_01,18.9
56673,2010_02,17.6
56673,2010_03,25.5
56673,2010_04,26.9
56673,2010_05,22.3
56673,2010_06,25.2
56673,2010_07,17.7
56673,2010_08,15.8
56673,2010_09,15.3
56673,2010_10,17.1
56673,2010_11,26.8
56673,2010_12,24.8
56673,2011_01,15.0
56673,2011_02,20.4
56673,2011_03,19.6
56673,2011_04,23.1
56673,2011_05,22.6
56673,2011_06,25.3
56673,2011_07,15.2
56673,2011_08,14.2
56673,2011_09,12.6
56673,2011_10,19.2
56673,2011_11,21.0
56673,2011_12,17.6
56673,2012_01,21.2
56673,2012_02,19.8
56673,2012_03,23.8
56673,2012_04,21.9
56673,2012_05,20.3
56673,2012_06,19.3
56673,2012_07,15.2
56673,2012_08,13.3
56673,2012_09,15.9
56673,2012_10,19.4
56673,2012_11,19.4
56673,2012_12,22.8
56673,2013_01,23.0
56673,2013_02,5.7
56673,2013_03,24.7
56673,2013_04,25.6
56673,2013_05,30.0
56673,2013_06,28.2
56673,2013_07,21.8
56673,2013_08,18.6
56673,2013_09,20.6
56673,2013_10,29.4
56673,2013_11,27.2
56673,2013_12,29.3
56673,2014_01,34.3
56673,2014_02,23.2
56673,2014_03,32.9
56673,2014_04,33.3
56673,2014_05,25.4
56673,2014_06,30.8
56673,2014_07,19.4
56673,2014_08,21.7
56673,2014_09,20.8
56673,2014_10,25.6
56673,2014_11,29.8
56673,2014_12,22.6
56673,2015_01,24.3
56673,2015_02,25.5
56673,2015_03,20.9
56673,2015_04,29.0
56673,2015_05,22.1
56673,2015_06,23.1
56673,2015_07,24.8
56673,2015_08,18.7
56673,2015_09,24.9
56673,2015_10,19.2
56673,2015_11,27.1
56673,2015_12,28.3
56673,2016_01,23.7
56673,2016_02,25.8
56673,2016_03,21.9
56673,2016_04,19.1
56673,2016_05,16.3
56673,2016_06,21.6
56673,2016_07,27.9
56673,2016_08,18.2
56673,2016_09,24.1
56673,2016_10,32.5
56673,2016_11,27.6
56673,2016_12,27.6
56673,2017_01,23.7
56673,2017_02,26.0
56673,2017_03,28.5
56673,2017_04,28.7
56673,2017_05,24.8
56673,2017_06,19.6
56673,2017_07,17.6
56673,2017_08,14.4
56673,2017_09,18.9
56673,2017_10,22.8
56673,2017_11,22.7
56673,2017_12,19.6
56673,2018_01,15.6
56673,2018_02,15.8
56673,2018_03,17.1
56673,2018_04,18.3
56673,2018_05,18.0
56673,2018_06,18.7
56673,2018_07,10.9
56673,2018_08,13.9
56673,2018_09,10.1
56673,2018_10,13.0
56673,2018_11,14.5
56673,2018_12,14.8
56673,2019_01,24.2
56673,2019_02,25.7
56673,2019_03,22.9
56673,2019_04,27.6
56673,2019_05,26.1
56673,2019_06,21.4
56673,2019_07,21.4
56673,2019_08,20.6
56673,2019_09,20.7
56673,2019_10,22.9
56673,2019_11,22.0
56673,2019_12,21.9
56673,2020_01,21.6
56673,2020_02,22.4
56673,2020_03,20.8
56673,2020_04,21.7
56673,2020_05,21.9
56673,2020_06,23.8
56673,2020_07,18.9
56673,2020_08,17.4
56673,2020_09,14.6
56673,2020_10,19.9
56673,2020_11,20.9
56673,2020_12,21.5
56673,2021_01,20.0
56673,2021_02,17.7
56673,2021_03,27.4
56673,2021_04,24.5
56673,2021_05,23.8
56673,2021_06,18.5
56673,2021_07,13.7
56673,2021_08,17.9
56673,2021_09,17.6
56673,2021_10,21.2
56673,2021_11,21.4
56673,2021_12,23.5
56673,2022_01,20.0
56673,2022_02,22.0
56673,2022_03,25.5
56673,2022_04,28.2
56673,2022_05,28.3
56673,2022_06,22.9
56673,2022_07,19.9
56673,2022_08,14.3
56673,2022_09,13.6
56673,2022_10,17.2
56673,2022_11,21.5
56673,2022_12,19.6
56673,2023_01,22.9
56673,2023_02,22.4
56673,2023_03,16.7
56673,2023_04,16.5
56673,2023_05,14.6
56673,2023_06,7.9
56673,2023_12,14.6
56673,2024_01,13.1
56673,2024_02,19.0
56673,2024_03,14.0
56673,2024_04,13.3
56673,2024_05,12.2
56673,2024_06,11.7
56673,2024_07,10.5
56673,2024_08,10.9
56673,2024_09,9.0
56673,2024_10,15.1
56673,2024_11,1.1
56673,2024_12,8.9
56823,2008_11,6.0
56823,2008_12,53.9
56823,2009_01,60.1
56823,2009_02,67.2
56823,2009_03,77.5
56823,2009_04,86.9
56823,2009_05,44.4
56823,2009_06,61.5
56823,2009_07,45.1
56823,2009_08,51.7
56823,2009_09,40.6
56823,2009_10,60.6
56823,2009_11,44.9
56823,2009_12,44.0
56823,2010_01,38.0
56823,2010_02,47.6
56823,2010_03,72.7
56823,2010_04,58.2
56823,2010_05,50.0
56823,2010_06,55.8
56823,2010_07,37.1
56823,2010_08,42.8
56823,2010_09,35.5
56823,2010_10,49.1
56823,2010_11,74.9
56823,2010_12,43.2
56823,2011_01,34.1
56823,2011_02,44.3
56823,2011_03,35.2
56823,2011_04,31.6
56823,2011_05,52.4
56823,2011_06,51.9
56823,2011_07,44.5
56823,2011_08,48.0
56823,2011_09,37.0
56823,2011_10,36.9
56823,2011_11,30.6
56823,2011_12,39.8
56823,2012_01,42.5
56823,2012_02,38.3
56823,2012_03,43.4
56823,2012_04,48.6
56823,2012_05,56.3
56823,2012_06,48.7
56823,2012_07,43.1
56823,2012_08,39.2
56823,2012_09,48.1
56823,2012_10,57.8
56823,2012_11,64.6
56823,2012_12,64.4
56823,2013_01,45.9
56823,2013_02,65.1
56823,2013_03,63.0
56823,2013_04,64.7
56823,2013_05,77.5
56823,2013_06,60.4
56823,2013_07,40.5
56823,2013_08,36.6
56823,2013_09,35.9
56823,2013_10,59.6
56823,2013_11,61.5
56823,2013_12,50.6
56823,2014_01,80.1
56823,2014_02,51.6
56823,2014_03,66.9
56823,2014_04,76.0
56823,2014_05,61.5
56823,2014_06,76.2
56823,2014_07,43.8
56823,2014_08,42.9
56823,2014_09,35.7
56823,2014_10,55.9
56823,2014_11,68.3
56823,2014_12,45.8
56823,2015_01,48.6
56823,2015_02,55.2
56823,2015_03,39.8
56823,2015_04,62.5
56823,2015_05,57.4
56823,2015_06,43.3
56823,2015_07,52.9
56823,2015_08,44.0
56823,2015_09,42.8
56823,2015_10,45.2
56823,2015_11,54.7
56823,2015_12,58.7
56823,2016_01,53.5
56823,2016_02,60.6
56823,2016_03,60.1
56823,2016_04,46.1
56823,2016_05,55.0
56823,2016_06,37.6
56823,2016_07,60.8
56823,2016_08,41.1
56823,2016_09,42.8
56823,2016_10,70.3
56823,2016_11,48.4
56823,2016_12,50.7
56823,2017_01,53.1
56823,2017_02,58.2
56823,2017_03,63.7
56823,2017_04,64.4
56823,2017_05,55.6
56823,2017_06,43.9
56823,2017_07,39.4
56823,2017_08,32.3
56823,2017_09,42.4
56823,2017_10,51.0
56823,2017_11,50.9
56823,2017_12,43.9
56823,2018_01,42.9
56823,2018_02,43.4
56823,2018_03,46.8
56823,2018_04,50.1
56823,2018_05,49.4
56823,2018_06,51.2
56823,2018_07,29.9
56823,2018_08,38.2
56823,2018_09,27.6
56823,2018_10,35.6
56823,2018_11,39.8
56823,2018_12,40.6
56823,2019_01,55.4
56823,2019_02,58.8
56823,2019_03,52.5
56823,2019_04,63.2
56823,2019_05,59.7
56823,2019_06,48.9
56823,2019_07,49.0
56823,2019_08,47.1
56823,2019_09,47.5
56823,2019_10,52.5
56823,2019_11,50.4
56823,2019_12,50.2
56823,2020_01,50.3
56823,2020_02,52.1
56823,2020_03,48.5
56823,2020_04,50.5
56823,2020_05,50.9
56823,2020_06,55.4
56823,2020_07,44.1
56823,2020_08,40.5
56823,2020_09,34.0
56823,2020_10,46.4
56823,2020_11,48.7
56823,2020_12,50.2
56823,2021_01,42.6
56823,2021_02,37.5
56823,2021_03,58.2
56823,2021_04,52.1
56823,2021_05,50.7
56823,2021_06,39.3
56823,2021_07,29.1
56823,2021_08,38.1
56823,2021_09,37.3
56823,2021_10,45.0
56823,2021_11,45.4
56823,2021_12,49.9
56823,2022_01,36.1
56823,2022_02,39.7
56823,2022_03,46.0
56823,2022_04,51.0
56823,2022_05,51.2
56823,2022_06,41.3
56823,2022_07,36.0
56823,2022_08,25.8
56823,2022_09,24.6
56823,2022_10,31.1
56823,2022_11,38.9
56823,2022_12,35.4
56823,2023_01,45.2
56823,2023_02,37.8
56823,2023_03,41.0
56823,2023_04,42.1
56823,2023_05,39.1
56823,2023_06,36.5
56823,2023_07,43.8
56823,2023_08,39.8
56823,2023_09,42.9
56823,2023_10,38.1
56823,2023_11,32.2
56823,2023_12,43.6
56823,2024_01,43.7
56823,2024_02,62.9
56823,2024_03,50.5
56823,2024_04,14.6
56823,2024_05,31.5
56823,2024_06,30.3
56823,2024_07,33.1
56823,2024_08,30.5
56823,2024_09,23.7
56823,2024_10,46.8
56823,2024_11,40.5
56823,2024_12,37.2
57659,2021_08,61.2
57659,2021_09,60.2
57659,2021_10,34.3
57659,2021_11,26.7
57659,2021_12,19.2
57659,2022_01,24.5
57659,2022_02,29.0
57659,2022_03,42.8
57659,2022_04,39.3
57659,2022_05,48.7
57659,2022_06,52.5
57659,2022_07,51.2
57659,2022_08,40.4
57659,2022_09,41.1
57659,2022_10,35.1
57659,2022_11,19.3
57659,2022_12,14.1
57659,2023_01,24.5
57659,2023_02,26.6
57659,2023_03,30.1
57659,2023_04,29.2
57659,2023_05,39.0
57659,2023_06,43.7
57659,2023_07,51.8
57659,2023_08,51.6
57659,2023_09,43.4
57659,2023_10,35.3
57659,2023_11,14.1
57659,2023_12,25.5
57659,2024_01,21.1
57659,2024_02,30.6
57659,2024_03,26.5
57659,2024_04,30.7
57659,2024_05,32.4
57659,2024_06,43.2
57659,2024_07,42.2
57659,2024_08,42.1
57659,2024_09,35.4
57659,2024_10,31.9
57659,2024_11,23.1
57659,2024_12,12.6
57659,2025_01,14.8
57659,2025_02,19.1
57659,2025_03,24.0
57659,2025_04,34.1
57659,2025_05,39.8
57659,2025_06,46.4
57659,2025_07,35.6
57659,2025_08,47.5
57659,2025_09,39.5
57659,2025_10,36.0
57659,2025_11,24.4
57659,2025_12,18.0
57659,2026_01,15.7
57659,2026_02,19.1
57659,2026_03,29.5
57699,2012_01,4.1
57699,2012_02,4.2
57699,2012_03,5.6
57699,2012_04,8.7
57699,2012_05,8.6
57699,2012_06,9.6
57699,2012_07,8.2
57699,2012_08,8.7
57699,2012_09,7.6
57699,2012_10,6.3
57699,2012_11,5.9
57699,2012_12,9.9
57699,2013_01,4.3
57699,2013_02,6.1
57699,2013_03,8.2
57699,2013_04,7.0
57699,2013_05,8.2
57699,2013_06,8.1
57699,2013_07,8.4
57699,2013_08,8.5
57699,2013_09,7.2
57699,2013_10,6.5
57699,2013_11,4.3
57699,2013_12,4.0
57699,2014_01,5.0
57699,2014_02,2.7
57699,2014_03,6.5
57699,2014_04,7.6
57699,2014_05,8.2
57699,2014_06,8.1
57699,2014_07,9.1
57699,2014_08,9.2
57699,2014_09,7.2
57699,2014_10,7.5
57699,2014_11,5.1
57699,2014_12,2.9
57699,2015_01,4.1
57699,2015_02,4.8
57699,2015_03,5.6
57699,2015_04,6.3
57699,2015_05,5.9
57699,2015_06,8.3
57699,2015_07,9.3
57699,2015_08,8.5
57699,2015_09,7.6
57699,2015_10,6.3
57699,2015_11,3.0
57699,2015_12,3.8
57699,2016_01,4.0
57699,2016_02,5.1
57699,2016_03,4.9
57699,2016_04,4.8
57699,2016_05,3.9
57699,2016_06,5.9
57699,2016_07,6.9
57699,2016_08,5.9
57699,2016_09,6.0
57699,2016_10,6.0
57699,2016_11,3.9
57699,2016_12,2.9
57699,2017_01,4.6
57699,2017_02,6.5
57699,2017_03,8.0
57699,2017_04,8.3
57699,2017_05,8.8
57699,2017_06,8.7
57699,2017_07,8.8
57699,2017_08,7.9
57699,2017_09,6.8
57699,2017_10,7.2
57699,2017_11,5.5
57699,2017_12,4.4
57699,2018_01,5.9
57699,2018_02,6.2
57699,2018_03,7.3
57699,2018_04,7.4
57699,2018_05,7.2
57699,2018_06,8.4
57699,2018_07,7.9
57699,2018_08,7.6
57699,2018_09,6.0
57699,2018_10,4.9
57699,2018_11,5.5
57699,2018_12,4.1
57699,2019_01,4.4
57699,2019_02,4.9
57699,2019_03,5.3
57699,2019_04,8.1
57699,2019_05,7.3
57699,2019_06,8.9
57699,2019_07,9.0
57699,2019_08,8.4
57699,2019_09,6.3
57699,2019_10,5.6
57699,2019_11,4.4
57699,2019_12,4.8
57699,2020_01,4.0
57699,2020_02,5.0
57699,2020_03,5.0
57699,2020_04,6.6
57699,2020_05,8.4
57699,2020_06,9.3
57699,2020_07,9.7
57699,2020_08,8.6
57699,2020_09,7.1
57699,2020_10,5.7
57699,2020_11,4.8
57699,2020_12,4.3
57699,2021_01,4.3
57699,2021_02,4.4
57699,2021_03,6.0
57699,2021_04,5.5
57699,2021_05,7.3
57699,2021_06,8.6
57699,2021_07,8.5
57699,2021_08,7.8
57699,2021_09,7.9
57699,2021_10,6.1
57699,2021_11,4.9
57699,2021_12,4.0
57699,2022_01,5.4
57699,2022_02,6.4
57699,2022_03,7.0
57699,2022_04,7.5
57699,2022_05,8.5
57699,2022_06,9.9
57699,2022_07,10.0
57699,2022_08,8.3
57699,2022_09,8.6
57699,2022_10,6.5
57699,2022_11,4.3
57699,2022_12,3.7
57699,2023_01,4.7
57699,2023_02,5.2
57699,2023_03,4.7
57699,2023_04,5.9
57699,2023_05,7.1
57699,2023_06,8.6
57699,2023_07,9.2
57699,2023_08,9.0
57699,2023_09,7.7
57699,2023_10,5.6
57699,2023_11,4.1
57699,2023_12,5.3
57699,2024_01,1.1
57699,2024_02,5.3
57699,2024_03,6.2
57699,2024_04,6.1
57699,2024_05,6.6
57699,2024_06,9.3
57699,2024_07,8.4
57699,2024_08,8.8
57699,2024_09,8.1
57699,2024_10,7.6
57699,2024_11,5.8
57699,2024_12,3.7
57752,2013_01,46.8
57752,2013_02,59.2
57752,2013_03,89.3
57752,2013_04,84.1
57752,2013_05,89.4
57752,2013_06,63.8
57752,2013_07,63.2
57752,2013_08,47.8
57752,2013_09,37.2
57752,2013_10,58.3
57752,2013_11,55.7
57752,2013_12,41.5
57752,2014_01,75.0
57752,2014_02,80.2
57752,2014_03,82.2
57752,2014_04,70.6
57752,2014_05,84.5
57752,2014_06,84.1
57752,2014_07,62.5
57752,2014_08,60.2
57752,2014_09,35.3
57752,2014_10,47.1
57752,2014_11,52.6
57752,2014_12,51.1
57752,2015_01,57.7
57752,2015_02,64.5
57752,2015_03,46.9
57752,2015_04,61.6
57752,2015_05,85.5
57752,2015_06,49.1
57752,2015_07,73.3
57752,2015_08,48.9
57752,2015_09,35.8
57752,2015_10,44.8
57752,2015_11,59.0
57752,2015_12,52.1
57752,2016_01,73.4
57752,2016_02,85.1
57752,2016_03,76.3
57752,2016_04,53.4
57752,2016_05,58.4
57752,2016_06,43.2
57752,2016_07,93.7
57752,2016_08,56.8
57752,2016_09,37.0
57752,2016_10,25.4
57752,2016_11,54.5
57752,2016_12,69.0
57752,2017_01,88.4
57752,2017_02,87.4
57752,2017_03,86.8
57752,2017_04,81.3
57752,2017_05,77.4
57752,2017_06,49.3
57752,2017_07,62.5
57752,2017_08,71.2
57752,2017_09,51.9
57752,2017_10,41.7
57752,2017_11,58.4
57752,2017_12,62.0
57752,2018_01,63.8
57752,2018_02,73.7
57752,2018_03,78.4
57752,2018_04,86.2
57752,2018_05,68.6
57752,2018_06,73.9
57752,2018_07,54.3
57752,2018_08,62.8
57752,2018_09,34.1
57752,2018_10,41.3
57752,2018_11,56.4
57752,2018_12,72.3
57752,2019_01,64.8
57752,2019_02,59.4
57752,2019_03,74.3
57752,2019_04,75.6
57752,2019_05,82.4
57752,2019_06,54.1
57752,2019_07,62.9
57752,2019_08,59.5
57752,2019_09,34.9
57752,2019_10,20.5
57752,2019_11,29.2
57752,2019_12,54.5
57752,2020_01,61.2
57752,2020_02,82.9
57752,2020_03,57.2
57752,2020_04,52.5
57752,2020_05,61.6
57752,2020_06,46.9
57752,2020_07,55.2
57752,2020_08,36.3
57752,2020_09,44.5
57752,2020_10,40.6
57752,2020_11,42.2
57752,2020_12,32.7
57752,2021_01,50.2
57752,2021_02,68.9
57752,2021_03,64.0
57752,2021_04,62.8
57752,2021_05,58.9
57752,2021_06,42.8
57752,2021_07,35.2
57752,2021_08,21.4
57752,2021_09,30.8
57752,2021_10,46.2
57752,2021_11,75.0
57752,2021_12,83.7
57752,2022_01,60.6
57752,2022_02,76.6
57752,2022_03,52.5
57752,2022_04,42.2
57752,2022_05,70.6
57752,2022_06,48.6
57752,2022_07,59.0
57752,2022_08,48.0
57752,2022_09,15.9
57752,2022_10,47.0
57752,2022_11,59.9
57752,2022_12,55.5
57752,2023_01,28.2
57752,2023_02,30.7
57752,2023_03,32.8
57752,2023_04,32.5
57752,2023_05,22.4
57752,2023_06,46.7
57752,2023_07,39.6
57752,2023_08,31.1
57752,2023_09,24.3
57752,2023_10,18.3
57752,2023_11,25.7
57752,2023_12,13.1
57752,2024_01,18.8
57752,2024_02,24.7
57752,2024_03,19.0
57752,2024_04,22.1
57752,2024_05,19.0
57752,2024_06,17.0
57752,2024_07,26.4
57752,2024_08,20.9
57752,2024_09,20.4
57752,2024_10,17.3
57752,2024_11,25.7
57752,2024_12,29.0
57752,2025_01,26.9
57752,2025_02,64.7
57752,2025_03,54.9
57752,2025_04,82.3
57752,2025_05,61.1
57752,2025_06,23.8
57752,2025_07,58.6
57752,2025_08,31.4
57752,2025_09,11.1
57752,2025_10,11.2
57752,2025_11,58.0
57752,2025_12,25.9
57752,2026_01,28.1
57752,2026_02,64.7
57752,2026_03,78.2
58021,2012_12,25.5
58021,2013_01,29.6
58021,2013_02,34.8
58021,2013_03,41.5
58021,2013_04,36.2
58021,2013_05,44.0
58021,2013_06,40.5
58021,2013_07,33.7
58021,2013_08,27.1
58021,2013_09,14.7
58021,2013_10,30.1
58021,2013_11,26.9
58021,2013_12,21.6
58021,2014_01,29.7
58021,2014_02,27.2
58021,2014_03,33.1
58021,2014_04,35.7
58021,2014_05,46.6
58021,2014_06,46.7
58021,2014_07,35.9
58021,2014_08,31.7
58021,2014_09,15.5
58021,2014_10,31.6
58021,2014_11,32.0
58021,2014_12,24.9
58021,2015_01,21.2
58021,2015_02,27.3
58021,2015_03,20.2
58021,2015_04,25.5
58021,2015_05,42.3
58021,2015_06,31.2
58021,2015_07,48.4
58021,2015_08,30.0
58021,2015_09,24.0
58021,2015_10,30.6
58021,2015_11,25.2
58021,2015_12,34.1
58021,2016_01,28.7
58021,2016_02,37.6
58021,2016_03,33.5
58021,2016_04,31.9
58021,2016_05,32.8
58021,2016_06,28.7
58021,2016_07,43.2
58021,2016_08,28.6
58021,2016_09,22.5
58021,2016_10,24.6
58021,2016_11,20.4
58021,2016_12,20.3
58021,2017_01,30.7
58021,2017_02,33.6
58021,2017_03,36.8
58021,2017_04,37.2
58021,2017_05,32.1
58021,2017_06,25.4
58021,2017_07,22.8
58021,2017_08,18.7
58021,2017_09,24.5
58021,2017_10,29.5
58021,2017_11,29.4
58021,2017_12,25.4
58021,2018_01,30.2
58021,2018_02,30.6
58021,2018_03,33.0
58021,2018_04,35.3
58021,2018_05,34.8
58021,2018_06,36.1
58021,2018_07,21.1
58021,2018_08,26.9
58021,2018_09,19.5
58021,2018_10,25.1
58021,2018_11,28.0
58021,2018_12,28.6
58021,2019_01,30.2
58021,2019_02,32.1
58021,2019_03,28.7
58021,2019_04,34.5
58021,2019_05,32.6
58021,2019_06,26.7
58021,2019_07,26.8
58021,2019_08,25.7
58021,2019_09,25.9
58021,2019_10,28.7
58021,2019_11,27.5
58021,2019_12,27.4
58021,2020_01,28.9
58021,2020_02,29.9
58021,2020_03,27.8
58021,2020_04,29.0
58021,2020_05,29.2
58021,2020_06,31.8
58021,2020_07,25.3
58021,2020_08,23.2
58021,2020_09,19.5
58021,2020_10,26.7
58021,2020_11,27.9
58021,2020_12,28.8
58021,2021_01,26.2
58021,2021_02,23.1
58021,2021_03,35.7
58021,2021_04,32.0
58021,2021_05,31.1
58021,2021_06,24.2
58021,2021_07,17.9
58021,2021_08,23.4
58021,2021_09,23.0
58021,2021_10,27.7
58021,2021_11,27.9
58021,2021_12,30.7
58021,2022_01,24.2
58021,2022_02,26.6
58021,2022_03,30.9
58021,2022_04,34.2
58021,2022_05,34.4
58021,2022_06,27.7
58021,2022_07,24.2
58021,2022_08,17.3
58021,2022_09,16.5
58021,2022_10,20.8
58021,2022_11,26.1
58021,2022_12,23.7
58021,2023_01,17.5
58021,2023_02,20.2
58021,2023_03,23.6
58021,2023_04,20.4
58021,2023_05,21.3
58021,2023_06,23.8
58021,2023_07,21.4
58021,2023_08,17.1
58021,2023_09,19.5
58021,2023_10,18.8
58021,2023_11,13.4
58021,2023_12,11.4
58021,2024_01,10.4
58021,2024_02,8.7
58021,2024_03,13.4
58021,2024_04,19.0
58021,2024_05,30.8
58021,2024_06,27.8
58021,2024_07,21.0
58021,2024_08,20.9
58021,2024_09,14.4
58021,2024_10,18.6
58021,2024_11,27.2
58021,2024_12,20.2
59320,2015_04,61.8
59320,2015_05,63.8
59320,2015_06,51.5
59320,2015_07,59.2
59320,2015_08,47.1
59320,2015_09,52.3
59320,2015_10,53.1
59320,2015_11,71.3
59320,2015_12,72.6
59320,2016_01,65.9
59320,2016_02,80.9
59320,2016_03,83.4
59320,2016_04,72.7
59320,2016_05,77.0
59320,2016_06,58.2
59320,2016_07,84.1
59320,2016_08,54.8
59320,2016_09,60.0
59320,2016_10,80.8
59320,2016_11,69.1
59320,2016_12,79.7
59320,2017_01,57.3
59320,2017_02,38.9
59320,2017_03,89.4
59320,2017_04,100.8
59320,2017_05,104.3
59320,2017_06,73.0
59320,2017_07,105.6
59320,2017_08,84.6
59320,2017_09,68.8
59320,2017_10,58.8
59320,2017_11,62.2
59320,2017_12,54.2
59320,2018_01,66.8
59320,2018_02,78.2
59320,2018_03,80.2
59320,2018_04,91.4
59320,2018_05,90.8
59320,2018_06,103.9
59320,2018_07,89.9
59320,2018_08,100.2
59320,2018_09,49.1
59320,2018_10,72.2
59320,2018_11,63.5
59320,2018_12,71.9
59320,2019_01,66.6
59320,2019_02,54.7
59320,2019_03,75.3
59320,2019_04,97.2
59320,2019_05,103.8
59320,2019_06,78.4
59320,2019_07,98.3
59320,2019_08,87.1
59320,2019_09,69.0
59320,2019_10,56.2
59320,2019_11,41.4
59320,2019_12,54.1
59320,2020_01,73.0
59320,2020_02,56.6
59320,2020_03,41.7
59320,2020_04,59.4
59320,2020_05,84.1
59320,2020_06,69.0
59320,2020_07,91.9
59320,2020_08,54.2
59320,2020_09,58.4
59320,2020_10,45.1
59320,2020_11,58.3
59320,2020_12,87.8
59320,2021_01,69.0
59320,2021_02,77.3
59320,2021_03,91.2
59320,2021_04,78.9
59320,2021_05,85.6
59320,2021_06,68.8
59320,2021_07,67.3
59320,2021_08,40.3
59320,2021_09,51.0
59320,2021_10,64.9
59320,2021_11,59.0
59320,2021_12,83.6
59320,2022_01,60.3
59320,2022_02,76.4
59320,2022_03,103.5
59320,2022_04,104.0
59320,2022_05,116.4
59320,2022_06,84.2
59320,2022_07,101.6
59320,2022_08,72.9
59320,2022_09,29.9
59320,2022_10,81.4
59320,2022_11,63.6
59320,2022_12,59.3
59320,2023_01,71.3
59320,2023_02,76.7
59320,2023_03,91.7
59320,2023_04,62.4
59320,2023_05,40.5
59320,2023_06,86.3
59320,2023_07,102.0
59320,2023_08,78.0
59320,2023_09,53.4
59320,2023_10,16.2
59320,2023_11,11.7
59320,2023_12,45.3
59320,2024_01,59.2
59320,2024_02,59.2
59320,2024_03,70.4
59320,2024_04,77.5
59320,2024_05,71.8
59320,2024_06,71.6
59320,2024_07,60.0
59320,2024_08,39.6
59320,2024_09,34.1
59320,2024_10,29.3
59320,2024_11,48.9
59320,2024_12,42.9
59320,2025_01,45.1
59320,2025_02,53.2
59320,2025_03,70.8
59320,2025_04,75.4
59320,2025_05,53.9
59320,2025_06,37.7
59320,2025_07,81.2
59320,2025_08,51.4
59320,2025_09,17.4
59320,2025_10,18.9
59320,2025_11,67.0
59320,2025_12,41.2
59320,2026_01,41.5
59320,2026_02,53.2
59320,2026_03,85.4
59321,2016_07,45.6
59321,2016_08,80.3
59321,2016_09,40.6
59321,2016_10,55.1
59321,2016_11,63.3
59321,2016_12,59.3
59321,2017_01,88.8
59321,2017_02,93.2
59321,2017_03,101.6
59321,2017_04,104.9
59321,2017_05,108.9
59321,2017_06,72.9
59321,2017_07,110.6
59321,2017_08,81.1
59321,2017_09,71.4
59321,2017_10,60.9
59321,2017_11,63.6
59321,2017_12,52.6
59321,2018_01,68.0
59321,2018_02,79.1
59321,2018_03,86.9
59321,2018_04,94.4
59321,2018_05,93.9
59321,2018_06,109.7
59321,2018_07,94.0
59321,2018_08,105.4
59321,2018_09,51.7
59321,2018_10,78.3
59321,2018_11,59.0
59321,2018_12,76.7
59321,2019_01,70.4
59321,2019_02,57.6
59321,2019_03,78.2
59321,2019_04,103.4
59321,2019_05,110.6
59321,2019_06,85.7
59321,2019_07,103.3
59321,2019_08,89.9
59321,2019_09,31.7
59321,2019_10,34.2
59321,2019_11,64.9
59321,2019_12,65.3
59321,2020_01,76.6
59321,2020_02,56.6
59321,2020_03,42.7
59321,2020_04,64.1
59321,2020_05,89.7
59321,2020_06,71.5
59321,2020_07,99.8
59321,2020_08,62.5
59321,2020_09,63.0
59321,2020_10,51.3
59321,2020_11,51.7
59321,2020_12,90.2
59321,2021_01,72.2
59321,2021_02,72.8
59321,2021_03,91.3
59321,2021_04,83.5
59321,2021_05,88.5
59321,2021_06,74.3
59321,2021_07,72.1
59321,2021_08,44.2
59321,2021_09,54.1
59321,2021_10,56.8
59321,2021_11,67.9
59321,2021_12,83.2
59321,2022_01,59.2
59321,2022_02,73.5
59321,2022_03,103.1
59321,2022_04,102.1
59321,2022_05,117.5
59321,2022_06,88.4
59321,2022_07,106.4
59321,2022_08,78.2
59321,2022_09,30.7
59321,2022_10,85.6
59321,2022_11,59.6
59321,2022_12,56.0
59321,2023_01,69.3
59321,2023_02,72.5
59321,2023_03,92.0
59321,2023_04,67.8
59321,2023_05,41.8
59321,2023_06,87.6
59321,2023_07,105.4
59321,2023_08,77.9
59321,2023_09,54.5
59321,2023_10,37.7
59321,2023_11,34.2
59321,2023_12,47.5
59321,2024_01,60.0
59321,2024_02,71.6
59321,2024_03,61.7
59321,2024_04,73.1
59321,2024_05,70.1
59321,2024_06,70.6
59321,2024_07,61.9
59321,2024_08,35.3
59321,2024_09,26.7
59321,2024_10,33.8
59321,2024_11,39.2
59321,2024_12,35.1
59321,2025_01,42.5
59321,2025_02,49.0
59321,2025_03,65.0
59321,2025_04,79.9
59321,2025_05,58.3
59321,2025_06,33.1
59321,2025_07,73.2
59321,2025_08,45.8
59321,2025_09,17.4
59321,2025_10,17.9
59321,2025_11,62.9
59321,2025_12,33.1
59321,2026_01,55.9
59321,2026_02,49.0
59321,2026_03,78.4
59621,2015_04,120.0
59621,2015_05,94.1
59621,2015_06,51.9
59621,2015_07,88.8
59621,2015_08,78.1
59621,2015_09,101.9
59621,2015_10,80.0
59621,2015_11,122.9
59621,2015_12,121.8
59621,2016_01,98.2
59621,2016_02,131.6
59621,2016_03,128.3
59621,2016_04,122.2
59621,2016_05,123.3
59621,2016_06,88.0
59621,2016_07,114.1
59621,2016_08,79.2
59621,2016_09,102.1
59621,2016_10,132.9
59621,2016_11,105.5
59621,2016_12,132.3
59621,2017_01,103.8
59621,2017_02,122.8
59621,2017_03,132.9
59621,2017_04,144.5
59621,2017_05,120.9
59621,2017_06,99.4
59621,2017_07,74.3
59621,2017_08,52.1
59621,2017_09,89.8
59621,2017_10,134.1
59621,2017_11,128.4
59621,2017_12,101.7
59621,2018_01,127.9
59621,2018_02,136.1
59621,2018_03,136.8
59621,2018_04,156.2
59621,2018_05,131.4
59621,2018_06,146.0
59621,2018_07,72.3
59621,2018_08,96.2
59621,2018_09,90.0
59621,2018_10,91.0
59621,2018_11,120.7
59621,2018_12,107.2
59621,2019_01,126.9
59621,2019_02,151.6
59621,2019_03,104.4
59621,2019_04,118.5
59621,2019_05,113.6
59621,2019_06,105.0
59621,2019_07,89.1
59621,2019_08,89.5
59621,2019_09,117.3
59621,2019_10,113.8
59621,2019_11,116.3
59621,2019_12,121.2
59621,2020_01,126.5
59621,2020_02,114.9
59621,2020_03,120.5
59621,2020_04,122.6
59621,2020_05,106.5
59621,2020_06,154.8
59621,2020_07,81.7
59621,2020_08,102.3
59621,2020_09,91.6
59621,2020_10,110.3
59621,2020_11,137.6
59621,2020_12,115.9
59621,2021_01,110.7
59621,2021_02,96.1
59621,2021_03,156.7
59621,2021_04,134.0
59621,2021_05,139.4
59621,2021_06,95.0
59621,2021_07,57.2
59621,2021_08,83.9
59621,2021_09,107.1
59621,2021_10,113.4
59621,2021_11,107.2
59621,2021_12,150.6
59621,2022_01,123.7
59621,2022_02,128.2
59621,2022_03,136.8
59621,2022_04,155.0
59621,2022_05,147.5
59621,2022_06,125.1
59621,2022_07,81.8
59621,2022_08,57.7
59621,2022_09,87.9
59621,2022_10,80.6
59621,2022_11,125.8
59621,2022_12,124.0
59621,2023_01,133.4
59621,2023_02,147.8
59621,2023_03,126.1
59621,2023_04,132.8
59621,2023_05,101.7
59621,2023_06,78.2
59621,2023_07,95.2
59621,2023_08,83.8
59621,2023_09,82.9
59621,2023_10,102.1
59621,2023_11,102.5
59621,2023_12,88.1
59621,2024_01,102.7
59621,2024_02,139.0
59621,2024_03,126.0
59621,2024_04,133.3
59621,2024_05,114.1
59621,2024_06,112.5
59621,2024_07,89.7
59621,2024_08,86.8
59621,2024_09,86.2
59621,2024_10,119.5
59621,2024_11,123.5
59621,2024_12,100.4
59621,2025_01,108.7
59621,2025_02,96.3
59621,2025_03,123.1
59621,2025_04,87.7
59621,2025_05,47.3
59621,2025_06,70.6
59621,2025_07,70.5
59621,2025_08,75.4
59621,2025_09,60.1
59621,2025_10,70.4
59621,2025_11,54.4
59621,2025_12,30.6
59621,2026_01,35.2
59621,2026_02,66.1
59621,2026_03,70.9
59994,2016_11,9.0
59994,2016_12,27.3
59994,2017_01,36.8
59994,2017_02,43.6
59994,2017_03,53.5
59994,2017_04,52.7
59994,2017_05,55.7
59994,2017_06,52.1
59994,2017_07,55.5
59994,2017_08,49.3
59994,2017_09,43.1
59994,2017_10,43.2
59994,2017_11,29.4
59994,2017_12,28.0
59994,2018_01,35.6
59994,2018_02,38.3
59994,2018_03,41.0
59994,2018_04,33.7
59994,2018_05,15.8
59994,2018_06,25.5
59994,2018_07,27.5
59994,2018_08,20.6
59994,2018_09,25.0
59994,2018_10,26.2
59994,2018_11,33.1
59994,2018_12,24.3
59994,2019_01,28.4
59994,2019_02,33.6
59994,2019_03,24.2
59994,2019_04,57.2
59994,2019_05,53.7
59994,2019_06,60.4
59994,2019_07,59.7
59994,2019_08,57.1
59994,2019_09,44.5
59994,2019_10,43.3
59994,2019_11,31.1
59994,2019_12,33.7
59994,2020_01,32.7
59994,2020_02,34.4
59994,2020_03,38.5
59994,2020_04,56.2
59994,2020_05,60.0
59994,2020_06,64.1
59994,2020_07,62.9
59994,2020_08,57.9
59994,2020_09,45.9
59994,2020_10,44.2
59994,2020_11,38.6
59994,2020_12,30.5
59994,2021_01,34.9
59994,2021_02,33.3
59994,2021_03,51.0
59994,2021_04,43.6
59994,2021_05,51.9
59994,2021_06,48.5
59994,2021_07,55.5
59994,2021_08,43.8
59994,2021_09,37.8
59994,2021_10,34.6
59994,2021_11,17.6
59994,2021_12,23.1
59994,2022_01,30.3
59994,2022_02,35.4
59994,2022_03,41.0
59994,2022_04,46.0
59994,2022_05,51.3
59994,2022_06,54.7
59994,2022_07,54.6
59994,2022_08,47.1
59994,2022_09,46.9
59994,2022_10,37.3
59994,2022_11,31.5
59994,2022_12,27.2
59994,2023_01,32.0
59994,2023_02,32.6
59994,2023_03,38.4
59994,2023_04,53.5
59994,2023_05,48.7
59994,2023_06,56.6
59994,2023_07,58.6
59994,2023_08,52.0
59994,2023_09,49.7
59994,2023_10,40.8
59994,2023_11,30.7
59994,2023_12,34.1
59994,2024_01,33.9
59994,2024_02,35.2
59994,2024_03,40.0
59994,2024_04,47.3
59994,2024_05,51.7
59994,2024_06,44.7
59994,2024_07,46.3
59994,2024_08,49.1
59994,2024_09,42.0
59994,2024_10,44.0
59994,2024_11,34.8
59994,2024_12,30.5
59994,2025_01,34.1
59994,2025_02,42.4
59994,2025_03,45.2
59994,2025_04,47.1
59994,2025_05,49.5
59994,2025_06,46.8
59994,2025_07,51.1
59994,2025_08,50.0
59994,2025_09,42.6
59994,2025_10,41.9
59994,2025_11,36.1
59994,2025_12,30.8
59994,2026_01,30.4
59994,2026_02,38.0
59994,2026_03,44.4
60436,2017_03,28.3
60436,2017_04,30.1
60436,2017_05,39.0
60436,2017_06,40.3
60436,2017_07,44.3
60436,2017_08,39.2
60436,2017_09,30.8
60436,2017_10,29.8
60436,2017_11,27.0
60436,2017_12,20.1
60436,2018_01,25.4
60436,2018_02,27.7
60436,2018_03,34.2
60436,2018_04,42.8
60436,2018_05,45.0
60436,2018_06,45.6
60436,2018_07,43.4
60436,2018_08,42.7
60436,2018_09,31.0
60436,2018_10,21.8
60436,2018_11,24.8
60436,2018_12,18.6
60436,2019_01,23.3
60436,2019_02,26.5
60436,2019_03,30.6
60436,2019_04,41.7
60436,2019_05,36.2
60436,2019_06,42.7
60436,2019_07,47.1
60436,2019_08,43.4
60436,2019_09,33.2
60436,2019_10,30.1
60436,2019_11,21.1
60436,2019_12,22.3
60436,2020_01,21.5
60436,2020_02,24.4
60436,2020_03,28.0
60436,2020_04,38.1
60436,2020_05,41.9
60436,2020_06,43.7
60436,2020_07,46.8
60436,2020_08,43.6
60436,2020_09,34.6
60436,2020_10,32.8
60436,2020_11,26.8
60436,2020_12,23.6
60436,2021_01,23.4
60436,2021_02,25.6
60436,2021_03,37.0
60436,2021_04,34.6
60436,2021_05,39.4
60436,2021_06,41.6
60436,2021_07,40.1
60436,2021_08,35.0
60436,2021_09,37.6
60436,2021_10,31.9
60436,2021_11,24.1
60436,2021_12,20.3
60436,2022_01,21.8
60436,2022_02,27.3
60436,2022_03,34.9
60436,2022_04,37.6
60436,2022_05,34.7
60436,2022_06,39.4
60436,2022_07,40.9
60436,2022_08,37.5
60436,2022_09,37.5
60436,2022_10,25.7
60436,2022_11,21.4
60436,2022_12,18.8
60436,2023_01,21.8
60436,2023_02,25.7
60436,2023_03,32.5
60436,2023_04,38.7
60436,2023_05,34.5
60436,2023_06,40.8
60436,2023_07,33.9
60436,2023_08,37.6
60436,2023_09,34.3
60436,2023_10,24.8
60436,2023_11,19.9
60436,2023_12,21.3
60436,2024_01,22.8
60436,2024_02,24.5
60436,2024_03,28.6
60436,2024_04,33.3
60436,2024_05,35.3
60436,2024_06,38.5
60436,2024_07,36.5
60436,2024_08,34.4
60436,2024_09,26.8
60436,2024_10,24.8
60436,2024_11,17.6
60436,2024_12,14.9
60436,2025_01,16.9
60436,2025_02,24.3
60436,2025_03,27.5
60436,2025_04,26.9
60436,2025_05,29.3
60436,2025_06,29.2
60436,2025_07,29.9
60436,2025_08,27.8
60436,2025_09,25.7
60436,2025_10,24.2
60436,2025_11,20.9
60436,2025_12,18.0
60436,2026_01,18.3
60436,2026_02,23.9
60436,2026_03,30.0
60581,2017_12,29.5
60581,2018_01,38.1
60581,2018_02,42.3
60581,2018_03,48.6
60581,2018_04,47.6
60581,2018_05,50.4
60581,2018_06,62.8
60581,2018_07,59.3
60581,2018_08,57.5
60581,2018_09,42.9
60581,2018_10,33.1
60581,2018_11,36.2
60581,2018_12,26.1
60581,2019_01,32.0
60581,2019_02,34.0
60581,2019_03,44.4
60581,2019_04,52.4
60581,2019_05,51.8
60581,2019_06,60.5
60581,2019_07,65.4
60581,2019_08,60.4
60581,2019_09,45.0
60581,2019_10,40.8
60581,2019_11,31.7
60581,2019_12,33.6
60581,2020_01,29.5
60581,2020_02,30.0
60581,2020_03,36.7
60581,2020_04,42.3
60581,2020_05,52.8
60581,2020_06,54.4
60581,2020_07,61.7
60581,2020_08,47.5
60581,2020_09,44.7
60581,2020_10,30.7
60581,2020_11,24.9
60581,2020_12,25.6
60581,2021_01,29.7
60581,2021_02,27.1
60581,2021_03,36.0
60581,2021_04,33.2
60581,2021_05,46.6
60581,2021_06,59.7
60581,2021_07,58.7
60581,2021_08,49.5
60581,2021_09,52.8
60581,2021_10,34.5
60581,2021_11,31.4
60581,2021_12,26.9
60581,2022_01,32.7
60581,2022_02,38.3
60581,2022_03,34.3
60581,2022_04,33.5
60581,2022_05,49.1
60581,2022_06,61.6
60581,2022_07,61.8
60581,2022_08,49.8
60581,2022_09,51.8
60581,2022_10,37.5
60581,2022_11,21.5
60581,2022_12,20.8
60581,2023_01,27.3
60581,2023_02,18.1
60581,2023_03,31.4
60581,2023_04,33.5
60581,2023_05,52.8
60581,2023_06,49.2
60581,2023_07,54.3
60581,2023_08,52.1
60581,2023_09,47.8
60581,2023_10,54.1
60581,2023_11,12.7
60581,2024_02,7.0
60581,2024_03,33.0
60581,2024_04,35.9
60581,2024_05,46.3
60581,2024_06,48.4
60581,2024_07,51.6
60581,2024_08,54.6
60581,2024_09,45.3
60581,2024_10,41.2
60581,2024_11,30.3
60581,2024_12,28.1
60581,2025_01,29.1
60581,2025_02,41.3
60581,2025_03,21.2
60581,2025_04,29.6
60581,2025_05,40.0
60581,2025_06,37.5
60581,2025_07,40.4
60581,2025_08,41.9
60581,2025_09,38.5
60581,2025_10,33.2
60581,2025_11,32.0
60581,2025_12,25.8
60581,2026_01,22.3
60581,2026_02,23.0
60581,2026_03,22.8
61343,2019_11,56.4
61343,2019_12,95.1
61343,2020_01,129.8
61343,2020_02,145.8
61343,2020_03,157.2
61343,2020_04,117.5
61343,2020_05,124.8
61343,2020_06,88.7
61343,2020_07,112.1
61343,2020_08,81.4
61343,2020_09,103.4
61343,2020_10,89.0
61343,2020_11,86.9
61343,2020_12,122.0
61343,2021_01,122.7
61343,2021_02,122.6
61343,2021_03,155.8
61343,2021_04,135.1
61343,2021_05,125.8
61343,2021_06,83.4
61343,2021_07,70.0
61343,2021_08,77.8
61343,2021_09,68.9
61343,2021_10,91.9
61343,2021_11,93.6
61343,2021_12,123.0
61343,2022_01,99.6
61343,2022_02,118.3
61343,2022_03,136.4
61343,2022_04,146.9
61343,2022_05,142.8
61343,2022_06,96.6
61343,2022_07,113.2
61343,2022_08,79.8
61343,2022_09,30.0
61343,2022_10,82.5
61343,2022_11,107.5
61343,2022_12,91.7
61343,2023_01,123.1
61343,2023_02,132.1
61343,2023_03,137.7
61343,2023_04,103.7
61343,2023_05,67.8
61343,2023_06,105.3
61343,2023_07,105.8
61343,2023_08,81.9
61343,2023_09,61.0
61343,2023_10,96.1
61343,2023_11,77.7
61343,2023_12,81.5
61343,2024_01,77.8
61343,2024_02,114.9
61343,2024_03,106.2
61343,2024_04,148.3
61343,2024_05,111.1
61343,2024_06,96.0
61343,2024_07,62.1
61343,2024_08,48.8
61343,2024_09,65.7
61343,2024_10,68.4
61343,2024_11,96.1
61343,2024_12,87.8
61343,2025_01,104.6
61343,2025_02,101.4
61343,2025_03,117.1
61343,2025_04,144.6
61343,2025_05,112.5
61343,2025_06,97.8
61343,2025_07,105.5
61343,2025_08,54.3
61343,2025_09,48.7
61343,2025_10,61.3
61343,2025_11,109.6
61343,2025_12,73.6
61343,2026_01,107.7
61343,2026_02,124.9
61343,2026_03,157.9
61368,2018_12,12.6
61368,2019_01,30.0
61368,2019_02,40.2
61368,2019_03,43.8
61368,2019_04,61.1
61368,2019_05,52.1
61368,2019_06,51.3
61368,2019_07,44.6
61368,2019_08,37.8
61368,2019_09,24.9
61368,2019_10,23.5
61368,2019_11,20.6
61368,2019_12,27.8
61368,2020_01,28.5
61368,2020_02,33.5
61368,2020_03,39.0
61368,2020_04,49.2
61368,2020_05,57.8
61368,2020_06,61.6
61368,2020_07,66.5
61368,2020_08,53.1
61368,2020_09,49.1
61368,2020_10,33.6
61368,2020_11,25.2
61368,2020_12,27.8
61368,2021_01,32.8
61368,2021_02,30.2
61368,2021_03,41.1
61368,2021_04,33.8
61368,2021_05,47.4
61368,2021_06,54.1
61368,2021_07,55.7
61368,2021_08,47.6
61368,2021_09,51.6
61368,2021_10,35.0
61368,2021_11,29.7
61368,2021_12,25.9
61368,2022_01,27.5
61368,2022_02,33.3
61368,2022_03,29.7
61368,2022_04,24.1
61368,2022_05,26.9
61368,2022_06,40.3
61368,2022_07,45.8
61368,2022_08,41.7
61368,2022_09,45.6
61368,2022_10,33.7
61368,2022_11,19.0
61368,2022_12,17.4
61368,2023_01,21.9
61368,2023_02,14.3
61368,2023_03,25.6
61368,2023_04,29.6
61368,2023_05,44.2
61368,2023_06,41.0
61368,2023_07,46.4
61368,2023_08,46.7
61368,2023_09,40.3
61368,2023_10,32.9
61368,2023_11,23.2
61368,2023_12,25.8
61368,2024_01,26.8
61368,2024_02,26.1
61368,2024_03,27.6
61368,2024_04,34.8
61368,2024_05,39.8
61368,2024_06,31.1
61368,2024_07,48.5
61368,2024_08,55.3
61368,2024_09,45.4
61368,2024_10,39.4
61368,2024_11,30.0
61368,2024_12,27.1
61368,2025_01,27.5
61368,2025_02,41.1
61368,2025_03,31.9
61368,2025_04,32.6
61368,2025_05,44.3
61368,2025_06,46.0
61368,2025_07,51.5
61368,2025_08,54.4
61368,2025_09,44.8
61368,2025_10,29.1
61368,2025_11,26.5
61368,2025_12,25.8
61368,2026_01,23.6
61368,2026_02,25.2
61368,2026_03,26.6
62909,2021_06,31.7
62909,2021_07,53.7
62909,2021_08,61.5
62909,2021_09,49.4
62909,2021_10,58.4
62909,2021_11,68.6
62909,2021_12,99.1
62909,2022_01,71.7
62909,2022_02,83.3
62909,2022_03,100.7
62909,2022_04,108.0
62909,2022_05,111.9
62909,2022_06,76.9
62909,2022_07,91.5
62909,2022_08,69.5
62909,2022_09,27.2
62909,2022_10,57.6
62909,2022_11,82.8
62909,2022_12,75.8
62909,2023_01,83.5
62909,2023_02,96.8
62909,2023_03,102.3
62909,2023_04,75.3
62909,2023_05,51.1
62909,2023_06,85.2
62909,2023_07,85.5
62909,2023_08,69.0
62909,2023_09,49.7
62909,2023_10,69.6
62909,2023_11,59.0
62909,2023_12,50.4
62909,2024_01,70.7
62909,2024_02,100.8
62909,2024_03,84.9
62909,2024_04,106.7
62909,2024_05,79.8
62909,2024_06,77.5
62909,2024_07,53.7
62909,2024_08,40.2
62909,2024_09,44.9
62909,2024_10,42.8
62909,2024_11,72.8
62909,2024_12,66.4
62909,2025_01,86.5
62909,2025_02,98.6
62909,2025_03,101.0
62909,2025_04,109.5
62909,2025_05,90.5
62909,2025_06,81.0
62909,2025_07,89.8
62909,2025_08,51.6
62909,2025_09,37.3
62909,2025_10,46.0
62909,2025_11,84.0
62909,2025_12,52.6
62909,2026_01,69.6
62909,2026_02,79.4
62909,2026_03,97.1
63329,2021_12,40.3
63329,2022_01,36.8
63329,2022_02,43.3
63329,2022_03,39.7
63329,2022_04,40.6
63329,2022_05,53.6
63329,2022_06,61.2
63329,2022_07,75.8
63329,2022_08,59.5
63329,2022_09,57.3
63329,2022_10,36.5
63329,2022_11,27.0
63329,2022_12,23.6
63329,2023_01,27.1
63329,2023_02,25.6
63329,2023_03,40.6
63329,2023_04,54.8
63329,2023_05,64.3
63329,2023_06,70.3
63329,2023_07,73.0
63329,2023_08,64.3
63329,2023_09,54.6
63329,2023_10,45.9
63329,2023_11,33.7
63329,2023_12,29.6
63329,2024_01,28.7
63329,2024_02,28.3
63329,2024_03,38.4
63329,2024_04,34.7
63329,2024_05,54.4
63329,2024_06,51.1
63329,2024_07,41.8
63329,2024_08,45.6
63329,2024_09,45.9
63329,2024_10,40.9
63329,2024_11,32.8
63329,2024_12,27.3
63329,2025_01,27.8
63329,2025_02,39.6
63329,2025_03,34.0
63329,2025_04,43.6
63329,2025_05,57.9
63329,2025_06,41.9
63329,2025_07,49.1
63329,2025_08,46.1
63329,2025_09,43.8
63329,2025_10,40.9
63329,2025_11,37.2
63329,2025_12,28.4
63329,2026_01,24.6
63329,2026_02,24.6
63329,2026_03,23.4
